Year,wisdom,genius,intellect,consciousness,intuition,imagination,soul,reasoning,judgment,discernment,algorithm,software,database,optimization,automation,computer,processor,artificial intelligence,computer program,data processing,machine learning,neural network,deep learning
1950,3.506368747243705e-05,1.458440783896349e-05,5.550790603929018e-06,2.6575941264523718e-06,2.372161425556063e-06,2.0283197072642285e-05,3.964742323188888e-05,5.076050601850936e-06,2.0283197072642285e-05,3.098989306336233e-07,0.0,7.29735131664736e-07,2.1801233977806077e-07,1.5001554859117253e-06,7.559487822024877e-07,4.0160985995519666e-06,4.4575396391385274e-07,2.9793845660131252e-08,0.0,5.488553382668059e-08,0.0,5.275046018690582e-09,8.249430428370295e-10
1951,3.573418059176861e-05,1.465849554488228e-05,5.615591970179392e-06,2.7157621273271274e-06,2.2621834022987035e-06,2.0150032686438583e-05,3.897454302984665e-05,4.874113926021614e-06,2.0150032686438583e-05,2.8829482223909423e-07,7.601782866347243e-08,1.3860044709885735e-06,0.0,1.6134815369183932e-06,7.23089615829553e-07,3.1528852170926357e-06,3.0467954049508136e-07,1.9502920617822566e-08,0.0,5.875605662998653e-08,1.6905154862635163e-08,2.851968222719252e-08,0.0
1952,3.447219184677068e-05,1.4117343064941485e-05,5.442353237345184e-06,2.8314410717570443e-06,2.317635977838336e-06,1.987917375869882e-05,3.963848046577005e-05,4.799263402147223e-06,1.987917375869882e-05,3.1655807369165674e-07,0.0,7.253646888857173e-07,5.1920363971925875e-08,1.6059862915127392e-06,7.701287054561087e-07,3.007727936421299e-06,3.039213799602585e-07,0.0,3.829125928984624e-08,1.313719694549226e-07,0.0,0.0,5.051506297463688e-10
1953,3.319381943849544e-05,1.5012224420184855e-05,5.328292298763902e-06,2.817824023017417e-06,2.239774674811274e-06,1.922765742399552e-05,4.004387261878649e-05,5.224204683213272e-06,1.922765742399552e-05,2.679583559975914e-07,0.0,9.147632603460138e-07,3.3926158089596535e-07,1.5106765492450684e-06,1.072289635914657e-06,4.663626305145051e-06,3.326440211959817e-07,2.1370109975271847e-09,2.1870282190735274e-07,2.477445676545546e-07,2.2388116917807565e-08,5.8376109736975665e-09,6.862308196812632e-09
1954,3.399479130195706e-05,1.3886035729412075e-05,5.298204866154568e-06,2.8795352393481485e-06,2.305406167466392e-06,2.0360683768185926e-05,3.834803384489535e-05,5.52013118243452e-06,2.0360683768185926e-05,3.081022451270102e-07,9.264716549009779e-08,0.0,2.9378240505725743e-07,1.4747137191375424e-06,7.100370116773349e-07,3.3123148154908536e-06,2.3458922588212841e-07,3.865903216977762e-08,1.0594727474572728e-07,3.6191959929078305e-07,0.0,1.228660667730577e-08,0.0
1955,3.484165687431921e-05,1.4286246023073914e-05,5.359526521891706e-06,3.129506548908776e-06,2.1106266537968723e-06,1.8554578105875635e-05,3.7150637635683696e-05,5.1332441888452474e-06,1.8554578105875635e-05,2.8946708311424073e-07,1.4863439908119493e-07,5.87189359630297e-08,3.2378833678808887e-08,1.7213604032351677e-06,8.941497333710867e-07,4.577405898642174e-06,3.1832210572220604e-07,1.0060719838942108e-08,1.3346793974619183e-07,3.3169261958917224e-07,0.0,0.0,1.6844316011395088e-08
1956,3.2770668369918364e-05,1.4104039589734042e-05,5.188390299134921e-06,3.488982695750928e-06,2.396877097547436e-06,1.975868358632211e-05,3.806008336064586e-05,4.832664448274252e-06,1.975868358632211e-05,2.995122026472029e-07,5.038825018681102e-08,3.846937642163411e-07,6.39255146914125e-08,1.7379356193022642e-06,9.361942942245299e-07,3.8617900660108625e-06,2.415323818009197e-07,4.480529539978881e-08,1.1074265432740676e-07,3.112001219159579e-07,6.238774064570622e-08,9.032361654660833e-09,0.0
1957,3.399313748261794e-05,1.342521132128546e-05,5.459609740129044e-06,3.360432153107216e-06,2.261996108068099e-06,1.888461142213779e-05,3.6766035991360655e-05,5.424933790027538e-06,1.888461142213779e-05,3.4557557472857935e-07,1.0866006526532446e-07,2.0104472489636373e-06,1.4231783841596283e-07,1.490527314770495e-06,1.016708100539979e-06,2.863434688994554e-06,3.7921013792424523e-07,2.7545883593244135e-08,3.514947748324221e-07,4.590024144439671e-07,5.985438450255499e-08,1.1954274357029958e-08,0.0
1958,3.401297733831916e-05,1.4708378516603119e-05,4.954394472335881e-06,3.237954599617655e-06,2.4144360270557484e-06,1.8680536596804544e-05,3.764387793668359e-05,5.097723685197725e-06,1.8680536596804544e-05,3.4591111267183103e-07,1.227553985431628e-07,1.6038498426692504e-06,2.853915066513488e-07,1.6295276448354889e-06,7.945567105680883e-07,4.846335020180537e-06,2.0650036159787422e-07,5.061570529485577e-08,3.8107126901610073e-07,7.458088609488651e-07,4.532158888896189e-08,2.8254822496723275e-08,0.0
1959,3.425516100771895e-05,1.4514100669568566e-05,4.965170406004904e-06,3.9376546006789385e-06,2.323851953667884e-06,1.9301652769614397e-05,3.602758315106055e-05,5.128844837982191e-06,1.9301652769614397e-05,3.362840588476008e-07,1.0946431336358954e-07,1.2416335313378777e-06,4.924212137645983e-07,1.94401807453726e-06,8.037087162401141e-07,4.713902400905447e-06,2.720383311939376e-07,4.3745993299895556e-08,3.826009373681527e-07,7.255428802849372e-07,2.1524968404575214e-08,1.2651524202979862e-08,9.317920227947955e-09
1960,3.498125308939533e-05,1.39622473837245e-05,4.959081057233128e-06,4.089237208174967e-06,2.321038042901595e-06,1.8601883185482488e-05,3.797874863000032e-05,5.608451540322577e-06,1.8601883185482488e-05,3.1017910229443454e-07,1.1120261709374492e-07,1.5805050955297407e-06,3.3622123909550976e-07,1.8858620389167753e-06,9.80105973372376e-07,3.731630473068853e-06,2.0533150415424491e-07,6.592553050030925e-08,3.7484502531023874e-07,8.010595314040158e-07,7.109832136943953e-08,2.4426311868555118e-08,6.749804835796053e-09
1961,3.3358247829393795e-05,1.3580562455206352e-05,4.953306145297972e-06,3.7500625075491348e-06,2.4158174962794283e-06,1.8815024786920717e-05,3.51631462078682e-05,4.970047443047614e-06,1.8815024786920717e-05,2.7612585485487697e-07,1.3048785996352543e-07,5.8935277867380945e-08,0.0,2.2746955510123888e-06,8.665766393209026e-07,6.247111747114405e-06,3.2668967004321873e-07,4.816788480563821e-08,3.5284616033718373e-07,7.167920357583164e-07,5.6722660984850775e-08,4.155488653218864e-08,1.2444412018021019e-08
1962,3.244319666883427e-05,1.2699164525537086e-05,4.968638039417365e-06,3.830447805199538e-06,2.252382634192125e-06,1.893527329683693e-05,3.549208359458919e-05,4.935753417171984e-06,1.893527329683693e-05,3.186403499955e-07,6.563572130586112e-08,3.145277822217766e-07,5.080709725225347e-07,1.8651686627190825e-06,9.13563778926027e-07,6.030869771440527e-06,2.8742108926639196e-07,2.3065721880605975e-08,4.1037322371369427e-07,9.72375204515083e-07,1.0782494224820567e-07,2.4984881008264845e-08,8.93087422223549e-09
1963,3.316713236089922e-05,1.316706797556271e-05,5.316940821681652e-06,4.078367386443797e-06,2.2432066079916853e-06,1.8616470199525653e-05,3.482514249084341e-05,4.966246231450091e-06,1.8616470199525653e-05,3.2703369005056726e-07,4.432490403583863e-08,1.5821586767078278e-06,5.123566880398268e-07,1.862298016108521e-06,9.581097316851544e-07,3.935484766303752e-06,1.2533865912035779e-07,9.768184282859275e-08,4.1311921816085654e-07,9.032387503885649e-07,5.475541167668943e-08,5.2494453003383614e-08,2.6300494250388174e-09
1964,3.2361239508544464e-05,1.3893572525117644e-05,4.97029225723083e-06,4.076954427331046e-06,2.229493206720018e-06,1.80056725218793e-05,3.498293704629099e-05,5.3248687336978395e-06,1.80056725218793e-05,3.0488080005909204e-07,1.835292385608998e-07,2.0889706976345443e-06,4.400537581840771e-07,2.0213393384063956e-06,9.250864884912133e-07,4.315840325863749e-06,4.0693508909871543e-07,6.417310540340386e-08,5.025963698241603e-07,1.1057892369863353e-06,9.054454494033559e-08,5.3841422332801383e-08,3.285178485491658e-09
1965,3.218688884155083e-05,1.355147587837757e-05,4.929377367760836e-06,3.983794894019684e-06,2.216739027895726e-06,1.893187647063918e-05,3.555099348753532e-05,4.947766921582935e-06,1.893187647063918e-05,3.0836585202100127e-07,1.7647147915028817e-07,1.1850943373627592e-06,3.8903993063607675e-07,1.7963760125183955e-06,1.095000318247853e-06,6.423914852880483e-06,3.4459815199723986e-07,9.147661761552237e-08,5.638612762143458e-07,9.524573697731135e-07,9.606961670408829e-08,2.454275476133711e-08,9.352436940748697e-09
1966,3.159082799272151e-05,1.362453238198839e-05,5.376511888447426e-06,3.6371422770998455e-06,2.4537985893748946e-06,1.7908129135102312e-05,3.483243026748908e-05,4.9586007779487e-06,1.7908129135102312e-05,3.4300167660072464e-07,1.590926018110464e-07,1.7863448628067807e-06,9.643257832187755e-07,2.377435170446423e-06,1.1298476264074404e-06,7.213776064417901e-06,4.1042725233407804e-07,5.1071897588438096e-08,5.249207552172574e-07,1.332464555655585e-06,9.956719954293887e-08,4.751142913688341e-08,0.0
1967,3.115922684419598e-05,1.376266643980281e-05,4.710559421920322e-06,4.269631405368213e-06,2.393813849367768e-06,1.7803446910995758e-05,3.431899212193281e-05,5.0168938830715185e-06,1.7803446910995758e-05,2.896232353424035e-07,8.691283498778573e-08,2.8175160479209336e-06,4.6351549100020515e-07,2.1857272583749507e-06,1.1742120886386964e-06,7.189660993334346e-06,5.84563299221078e-07,6.478794997669364e-08,5.951627060427678e-07,1.4428399036674285e-06,7.188791485187148e-08,3.5758521239061536e-08,0.0
1968,3.172273958021143e-05,1.3284862594304133e-05,4.954192977034152e-06,4.499996431821963e-06,2.3450301073988242e-06,1.8742040739333535e-05,3.4802915126526474e-05,4.826339828447463e-06,1.8742040739333535e-05,3.622903655620217e-07,1.915612944769161e-07,2.4220303670195245e-06,1.0023514867965184e-06,2.593544404030345e-06,1.1005630265705504e-06,7.334885325318803e-06,4.300415889940211e-07,8.982290790657071e-08,6.114967004626415e-07,1.4923883802628177e-06,1.0262361066203688e-07,6.321684720323852e-08,3.8187174018524605e-09
1969,3.2402611685758346e-05,1.2718670868420131e-05,4.922409252086491e-06,4.744520561016104e-06,2.456198879945434e-06,1.88163181732667e-05,3.263207412061133e-05,4.681097610695547e-06,1.88163181732667e-05,3.227590343497517e-07,1.7441268985718678e-07,3.567244227988451e-06,1.0200653934515828e-06,2.593651822399097e-06,1.1513909438507298e-06,6.861383586579853e-06,6.302925700639161e-07,5.918184065403538e-08,6.298018504077052e-07,1.3213973747834982e-06,1.4039949290378267e-07,6.984037940360807e-08,0.0
1970,3.184469828234147e-05,1.3280817201338242e-05,4.84250165383412e-06,4.778985561736956e-06,2.368696076718588e-06,1.8283767450426404e-05,3.393073299269299e-05,4.9423771134015866e-06,1.8283767450426404e-05,3.060041129179708e-07,2.191779039935635e-07,4.645410090429649e-06,5.816406761787057e-07,2.4123220999378776e-06,1.058165101783643e-06,9.34088652757255e-06,7.705508144041203e-07,9.435614358578957e-08,7.993235969216887e-07,1.5956056999806393e-06,1.3244861008522722e-07,7.133308181313502e-08,7.2166488160312275e-09
1971,3.07511066141344e-05,1.3249111683803113e-05,4.693532115144058e-06,4.603511251925638e-06,2.208364223635438e-06,1.7864477325688466e-05,3.3785939427691795e-05,5.3116347664806575e-06,1.7864477325688466e-05,3.316060890600464e-07,2.0456419349029694e-07,4.8019989890461374e-06,1.155027247733551e-06,2.583644212023546e-06,1.2143351684864231e-06,1.0229280797314537e-05,5.380129339635963e-07,1.233182777256629e-07,9.24615519442655e-07,1.677669407740536e-06,1.6703230535854034e-07,6.05176588761308e-08,0.0
1972,3.0578347317876815e-05,1.174332147810024e-05,4.664087284331392e-06,4.989690056270899e-06,2.437960933136762e-06,1.766967996404631e-05,3.228234773835218e-05,4.476949804053317e-06,1.766967996404631e-05,3.483726725057907e-07,2.1258892682181113e-07,5.400096989617296e-06,8.554972529419175e-07,2.4935997740433668e-06,1.4596682120967694e-06,1.157553350330998e-05,6.592419018113851e-07,1.2105354200678166e-07,8.970227799403049e-07,1.552335025430879e-06,1.0171779575510668e-07,7.562744100062706e-08,6.727970245601585e-09
1973,3.079778947251404e-05,1.2347742895613228e-05,4.714259722070697e-06,5.222050224017352e-06,2.4244861121828455e-06,1.7622317632896644e-05,3.189314193133632e-05,5.178201903939543e-06,1.7622317632896644e-05,3.3238995457195674e-07,6.653387387483606e-08,6.489601759970358e-06,1.0462721426189268e-06,2.6957120628826695e-06,1.2933562248007189e-06,1.2117739566193203e-05,6.152892293666607e-07,1.3389981041431365e-07,7.77251199290775e-07,1.8398075721713712e-06,1.502644033153842e-07,8.229889378016247e-08,1.406232942311161e-09
1974,2.928246845651653e-05,1.2131365348566133e-05,4.838593744993367e-06,5.0494393492002545e-06,2.3381116949795927e-06,1.7105733619872983e-05,3.236209053544206e-05,5.026228154556762e-06,1.7105733619872983e-05,3.290476314404902e-07,2.2282594261689726e-07,6.6763363845454695e-06,1.4664505845735596e-06,2.8476688311673042e-06,1.3376133315296864e-06,1.1857573769054226e-05,9.091809432909591e-07,1.1590233876755914e-07,1.008172182349526e-06,1.8259261935195078e-06,1.6579725878840513e-07,5.264396602246572e-08,4.625606830102463e-09
1975,3.039855594018081e-05,1.2692502716358331e-05,4.677597103399689e-06,5.12363352742287e-06,2.536036403077752e-06,1.7519702977530814e-05,3.2886327208559553e-05,4.903154356868429e-06,1.7519702977530814e-05,3.579193054190689e-07,2.98264536521858e-07,7.181481573720717e-06,1.4732416480140443e-06,3.02020402611478e-06,1.4074246732727365e-06,1.2581740272421638e-05,7.50325086728529e-07,8.374293719864489e-08,9.611158245147318e-07,2.0560470229322195e-06,1.3931436168407814e-07,9.666809025490634e-08,0.0
1976,3.032865380847562e-05,1.3054879207103245e-05,4.5886042481212805e-06,5.477976262598757e-06,2.5393767706132607e-06,1.6327720724610338e-05,3.2939254034568444e-05,5.239583361063986e-06,1.6327720724610338e-05,3.134071183849888e-07,3.6374783362477546e-07,8.896734808425101e-06,2.0358122948418935e-06,2.5403621888710738e-06,1.4799856496356346e-06,1.5395567916092833e-05,1.0554248576437856e-06,1.3370187808598445e-07,9.762335797204524e-07,1.9455336653530165e-06,1.4115056405587654e-07,6.148326971824237e-08,0.0
1977,2.92763134895263e-05,1.2241942300500692e-05,4.8841495390966945e-06,5.5648412688063235e-06,2.4959175580498467e-06,1.6941315132592038e-05,3.171103396487259e-05,5.000402663105844e-06,1.6941315132592038e-05,3.4554324846322505e-07,3.3644248291391315e-07,8.229816167496013e-06,2.1244701684566794e-06,2.985289338211529e-06,1.5621449860157874e-06,1.651576668296651e-05,1.07015751635575e-06,1.2027577214630928e-07,1.039598347746813e-06,2.1099175008276984e-06,1.0477983361682785e-07,9.310094263865013e-08,1.3445687754236237e-08
1978,2.9414234869730056e-05,1.2707642629000432e-05,4.551234013819886e-06,6.160064331922598e-06,2.4199955707952326e-06,1.742949446086939e-05,3.165624265293781e-05,5.120168067296266e-06,1.742949446086939e-05,3.4019901664647563e-07,2.781631213425745e-07,9.188655949397208e-06,2.3737630177238443e-06,2.899280068850841e-06,1.682987021998627e-06,1.875949919842656e-05,1.1696486415135196e-06,1.7517788486166958e-07,1.139111939686111e-06,2.377880434123396e-06,1.8749398264011808e-07,8.794851309673025e-08,1.780863208373457e-09
1979,2.7264816026724344e-05,1.1616093034980333e-05,4.6338472997585165e-06,5.729812424048695e-06,2.3394840468690475e-06,1.6826680460678633e-05,2.9701364473424564e-05,5.0322201769897235e-06,1.6826680460678633e-05,3.5168506158224566e-07,2.9385432415255303e-07,1.0300767163189431e-05,2.7732272119659654e-06,3.2381130491248816e-06,1.6284555201437703e-06,1.9069788224528565e-05,1.3309410416784395e-06,1.868926452561713e-07,1.0127253532984788e-06,2.314914424920114e-06,1.8632758146243636e-07,9.448328825384642e-08,0.0
1980,2.8114551497237965e-05,1.3118651575003267e-05,4.581264538032307e-06,6.16992698515419e-06,2.494673371461019e-06,1.728825871083458e-05,3.183555737806719e-05,4.865220554796227e-06,1.728825871083458e-05,3.378363608112323e-07,4.1833004932117994e-07,1.235384494963233e-05,2.7518565634509336e-06,3.1138098967746252e-06,1.8088413526181685e-06,2.1341784086729532e-05,1.3566951536614308e-06,1.5483395821100173e-07,1.2307792751474583e-06,2.295794378652149e-06,2.2527373510883458e-07,9.519517535079295e-08,9.637007435398013e-09
1981,2.7826977023178755e-05,1.093896650451206e-05,4.463534225271386e-06,5.911092017897303e-06,2.3204294921181413e-06,1.6809150353710325e-05,3.0028879859568e-05,4.967952702021149e-06,1.6809150353710325e-05,3.613495458154246e-07,3.7933827272068796e-07,1.3394444733962586e-05,3.130144580258661e-06,3.2798295310358024e-06,2.015812526837453e-06,2.2650830824730294e-05,1.5012464202409027e-06,1.5511566977269626e-07,1.1372632771344339e-06,2.4341995297691667e-06,1.2329036753052055e-07,8.744662250444509e-08,7.5088890808779e-09
1982,2.9525849854143794e-05,1.1071485132737676e-05,4.338479284380575e-06,6.030525108089013e-06,2.4659709975112423e-06,1.558912459982688e-05,2.872481959113577e-05,4.950645476996548e-06,1.558912459982688e-05,3.5376714606523927e-07,4.672907239488154e-07,1.3699218757658781e-05,3.34021806608275e-06,3.5949930242635966e-06,2.085085268278399e-06,2.4416742069654034e-05,1.4293043369020737e-06,1.5965731948929216e-07,1.2310873553211457e-06,2.707565489801596e-06,2.016243073111594e-07,9.692607376078293e-08,0.0
1983,2.9427231152722066e-05,1.0662627196650809e-05,4.293060941219414e-06,6.065800132324015e-06,2.4571939340164182e-06,1.5318570150535848e-05,3.0443307967735897e-05,5.5133695379260225e-06,1.5318570150535848e-05,3.566838956364888e-07,5.387292146375893e-07,1.599632042272398e-05,3.443809225247486e-06,3.6113526660782323e-06,2.327443041355084e-06,2.6058399797455487e-05,1.6446515699764372e-06,1.7659117517350834e-07,1.1613166519145207e-06,2.60044086328538e-06,1.7656045235206132e-07,8.249793476949506e-08,0.0
1984,2.8388860430394438e-05,1.1014048508726021e-05,4.112938566823018e-06,6.1237590966854305e-06,2.3990392559352324e-06,1.6223850295973968e-05,2.9186157483760873e-05,5.184367273207228e-06,1.6223850295973968e-05,3.78636001940571e-07,6.09873809378436e-07,1.6477536458192096e-05,3.7370449823169274e-06,3.5551390794974244e-06,2.256238061436899e-06,2.7163018963943853e-05,1.8134035967648587e-06,1.8444008788686226e-07,1.1780264408970528e-06,2.638133610616793e-06,1.9298310854035265e-07,1.0302421977761255e-07,1.9609348272303056e-08
1985,2.8481005586932772e-05,1.119632006841272e-05,4.2277176004324185e-06,6.75421337193328e-06,2.544928679642334e-06,1.7378506484581914e-05,2.8229369873826175e-05,5.415517492469783e-06,1.7378506484581914e-05,3.7224269619013067e-07,5.53367050573153e-07,1.8141181120931507e-05,4.3117824338431096e-06,3.549875210829775e-06,2.437702890733436e-06,2.8834475306059287e-05,1.961203756521158e-06,2.011746855090048e-07,1.2377986050487033e-06,2.705080197792969e-06,2.2572743900773222e-07,1.1314164327509735e-07,6.907204522007118e-09
1986,2.874053197230724e-05,1.179284238808199e-05,4.2672727323765125e-06,6.33582111041445e-06,2.4352850523513745e-06,1.6442574503869112e-05,2.9144572898120363e-05,5.2813960090417225e-06,1.6442574503869112e-05,3.0158697128533714e-07,5.951759844447096e-07,1.8277176373675455e-05,4.715348969581901e-06,3.998732156582935e-06,2.5910420502903283e-06,3.149418506817763e-05,2.0021080532969945e-06,2.0515700351451868e-07,1.3299883069064823e-06,2.9277016289795626e-06,1.9549840480181293e-07,2.816592716206911e-07,0.0
1987,2.7500498470035618e-05,1.132914469829084e-05,4.212737631268138e-06,6.888383907351288e-06,2.3216941777606344e-06,1.4790141293209365e-05,2.8218053393052468e-05,5.064319378691024e-06,1.4790141293209365e-05,3.5752317629316135e-07,6.277888178414862e-07,1.9264274596286177e-05,4.5258072988424504e-06,4.191071876889811e-06,2.7890510170707e-06,3.409788904557136e-05,2.1127552007390333e-06,1.9436108182978318e-07,1.3504959417446421e-06,2.7470046213319372e-06,2.3172322866442685e-07,4.739362292578441e-07,8.394654686138406e-09
1988,2.8438930712409588e-05,1.0871546163173804e-05,4.330787089725299e-06,6.348156491046372e-06,2.52938949455367e-06,1.5944981461449877e-05,2.8338769856082633e-05,5.115958402626513e-06,1.5944981461449877e-05,3.4754667959747823e-07,5.461089900730228e-07,2.116152017200269e-05,4.703983322289153e-06,4.136511692628499e-06,2.7278963293867996e-06,3.5791746850891695e-05,2.3051514445194006e-06,1.995482454618589e-07,1.3862526450426937e-06,3.0922217766378167e-06,1.862744711257375e-07,6.235592928438584e-07,7.684780126028523e-09
1989,2.8707268564282163e-05,1.0356593176809065e-05,3.876354796166362e-06,6.834546908518919e-06,2.7425538560010593e-06,1.556153712113909e-05,2.7871810686570826e-05,5.407954547146276e-06,1.556153712113909e-05,3.3248176927711353e-07,6.758863213827468e-07,2.2975835789232287e-05,5.356758314309648e-06,3.883526745746859e-06,2.7947887896103218e-06,3.6937606175734576e-05,2.281515387475576e-06,2.0001930688647378e-07,1.4433361596969709e-06,3.154215626400718e-06,2.1964190096091482e-07,7.469535842473332e-07,8.139178064320656e-09
1990,2.6480476156961395e-05,1.04720331707586e-05,4.251748779473168e-06,6.617519831347986e-06,2.712217545055432e-06,1.4639835770879807e-05,2.7060536771341132e-05,5.447040884654386e-06,1.4639835770879807e-05,3.3348702979825923e-07,7.510831075545207e-07,2.41134455703267e-05,5.59886099296952e-06,4.274948130019027e-06,2.8535208858117842e-06,3.9483438453147136e-05,2.486936799604535e-06,1.9829224702088255e-07,1.5040075953258712e-06,3.1142919279590306e-06,2.40603782980216e-07,8.556502989273731e-07,0.0
1991,2.7334500836706407e-05,1.0869459152543244e-05,3.828629049118663e-06,7.136544930618895e-06,2.622448056111306e-06,1.572784606330513e-05,2.6930143076591012e-05,5.390184389187886e-06,1.572784606330513e-05,3.590215521891093e-07,8.607425864696178e-07,2.4491168947993738e-05,5.696758134029663e-06,4.590103580742736e-06,3.135826466117238e-06,4.072839462451204e-05,2.58212863576291e-06,1.9077630066403687e-07,1.4666403050313369e-06,3.2463980096813824e-06,2.699873016383812e-07,9.352175249093139e-07,1.4713312495086985e-08
1992,2.7957068200523283e-05,1.0278699170612337e-05,3.863986673572567e-06,7.518003564511654e-06,2.6187243072947084e-06,1.57261259735087e-05,2.6496867065312556e-05,5.503202037320547e-06,1.57261259735087e-05,3.112715024503474e-07,7.756504862521258e-07,2.6158743448274534e-05,5.946826611773071e-06,4.654350274818254e-06,3.0709664041258543e-06,4.2294753382441805e-05,2.6210984077724217e-06,1.9037517966009447e-07,1.6088766048421704e-06,3.243457102736735e-06,2.8613243309078305e-07,9.383327881201331e-07,0.0
1993,2.5524479019251482e-05,1.1522726999032115e-05,3.703571743654125e-06,6.71468143132792e-06,2.507308033564431e-06,1.6283024260463613e-05,2.462510258276624e-05,5.22245461659535e-06,1.6283024260463613e-05,3.591347044270254e-07,9.08816060083604e-07,2.597671396228195e-05,6.038869949679884e-06,4.551030115816672e-06,3.3118717648548876e-06,4.294127722830054e-05,2.8669108690349545e-06,1.963083602085808e-07,1.5657293742118132e-06,3.2711117960933353e-06,3.1800470682704386e-07,9.102986352361316e-07,1.2111356659667679e-08
1994,2.753648914208385e-05,1.0468228068881955e-05,3.692730239546809e-06,6.7395618411180465e-06,2.6409429903606724e-06,1.4853361225331141e-05,2.6031166025534353e-05,5.430685988102957e-06,1.4853361225331141e-05,3.63877876528225e-07,8.901089117600896e-07,2.802236562870419e-05,6.617727336812635e-06,4.915367795276763e-06,3.3547961191008702e-06,4.6257011209198596e-05,2.868374003661405e-06,1.9621820437770392e-07,1.4503401567897431e-06,3.117881866589595e-06,3.0480764179734473e-07,8.537223165242782e-07,2.925864625244613e-09
1995,2.6320730915255236e-05,1.0286278924355793e-05,3.3438222443356265e-06,7.076844089850969e-06,2.5360869082715568e-06,1.4581524511933838e-05,2.5275415830718994e-05,5.5971969852568305e-06,1.4581524511933838e-05,3.3049488165409257e-07,1.0998684613152012e-06,2.951216958620022e-05,6.55963849461921e-06,4.532961946452883e-06,3.3897168905812226e-06,4.6581214218967563e-05,2.7679196008346647e-06,2.1206886008475042e-07,1.5486901592771518e-06,3.0732770258884205e-06,2.6721559348198396e-07,7.527524838790546e-07,1.6973388960009517e-08
1996,2.606626250180595e-05,1.1156689470524083e-05,3.7934626596643224e-06,6.730039932282142e-06,2.5728031793243924e-06,1.5280408401104363e-05,2.546974657113877e-05,5.3717409281833665e-06,1.5280408401104363e-05,3.9515925300308065e-07,1.1033127094399546e-06,3.062218886398774e-05,6.555873539810365e-06,5.052442493633097e-06,3.5730976312552294e-06,4.8083707384532224e-05,2.8093712398867555e-06,2.594649259304022e-07,1.5072749849130802e-06,3.1844256417107734e-06,2.7913014900754404e-07,6.304487998109081e-07,0.0
1997,2.70869627795561e-05,1.0215072754507462e-05,3.7848633107135173e-06,6.428575288259812e-06,2.7484455389972496e-06,1.5481652797015106e-05,2.4881332752665067e-05,5.4974228147750166e-06,1.5481652797015106e-05,3.88232095203069e-07,1.2617179827053916e-06,3.111628937963248e-05,6.957691314753458e-06,5.032636091633337e-06,3.360550143126669e-06,4.770931515760665e-05,2.9726022458964973e-06,2.2998208271074464e-07,1.4349105383729358e-06,2.70900984710586e-06,2.9302058818237093e-07,4.894515526393423e-07,6.964239620595107e-09
1998,2.5976869858675236e-05,1.0033650038333947e-05,3.5733818877969034e-06,6.905769148300672e-06,2.682289755856919e-06,1.453352206565643e-05,2.5384404897317402e-05,5.242725415754434e-06,1.453352206565643e-05,3.803372262875149e-07,1.4368848802063221e-06,2.9564472297765537e-05,6.919532520050916e-06,5.16121196735597e-06,3.5450779867252683e-06,4.834978140148597e-05,2.9191788441328303e-06,2.7092397288075667e-07,1.5411390062568388e-06,3.00132462285963e-06,2.6353848132828486e-07,3.338902621369631e-07,8.448315672196677e-09
1999,2.721152504434274e-05,9.62622258668604e-06,3.58328213076218e-06,6.28031250296398e-06,2.6363187659574846e-06,1.4704766124499998e-05,2.5476069386084587e-05,5.205010113506272e-06,1.4704766124499998e-05,3.750595024600077e-07,1.5902622055598778e-06,2.9241985128950027e-05,7.243535305442927e-06,5.379849976106884e-06,3.6957587121576404e-06,4.904211443754056e-05,3.1034514965107844e-06,8.830586824606045e-09,1.3739648021974846e-06,2.998019920849813e-06,5.722397431319777e-09,4.659230635633392e-09,0.0
2000,2.6584516918406135e-05,9.752839192784564e-06,3.702020018234175e-06,6.748672827052156e-06,2.560869707391579e-06,1.5033730276350322e-05,2.4574247949770124e-05,5.292608721489791e-06,1.5033730276350322e-05,3.8923385392106675e-07,1.4523232747778488e-06,3.259156987519199e-05,7.669095272507654e-06,5.559404847683292e-06,3.764951761976206e-06,5.1704738456691106e-05,3.059943831931826e-06,1.605617304118224e-08,1.5047696469680538e-06,2.9511585990917007e-06,8.635317206701408e-09,0.0,1.1252212431259331e-10
2001,2.5181760236070695e-05,9.753893490150432e-06,3.6302768266344914e-06,7.005420846008593e-06,2.6237622980876954e-06,1.4218521623005211e-05,2.2789984972048603e-05,5.050697203351126e-06,1.4218521623005211e-05,3.5312805918368406e-07,1.7118506405423134e-06,3.206775295452546e-05,7.494488903131466e-06,5.6572775474267945e-06,3.6754322934388873e-06,5.1319041664531886e-05,3.2281844395136372e-06,4.153423603055183e-08,1.3208998719153502e-06,2.857395252670804e-06,3.0125473619068424e-08,1.8726845683100205e-08,0.0
2002,2.5284025237207686e-05,9.451577653407182e-06,3.6002247412999214e-06,6.449695769376779e-06,2.6188561334006454e-06,1.391561476549727e-05,2.323511328747061e-05,5.4265361460908e-06,1.391561476549727e-05,4.164551971324607e-07,1.6935942011364466e-06,3.2316834107969455e-05,7.844254554280647e-06,5.891665161748009e-06,3.6344332431220793e-06,5.1090880977422605e-05,3.366638075754901e-06,7.287743685561081e-08,1.4161382053667878e-06,3.0529936589310373e-06,6.962196338792445e-08,5.874109649199826e-08,4.782432854350103e-09
2003,2.4621917407357405e-05,9.12113450891918e-06,3.6477050758316247e-06,6.316428454776799e-06,2.798137542896607e-06,1.4865899580010652e-05,2.2639893751179827e-05,5.256854802638424e-06,1.4865899580010652e-05,3.7084036474446377e-07,1.9245976051070623e-06,3.164567339042091e-05,7.557119800576404e-06,5.929535506632445e-06,3.70648686898532e-06,5.082196592564789e-05,3.1426986484095618e-06,1.4549208439474923e-07,1.5794982864607802e-06,2.9869179550602945e-06,1.8660080687281721e-07,9.114213800312958e-08,6.885447680138461e-09
2004,2.629210772622142e-05,9.206861674070066e-06,3.3601529523078923e-06,6.577479865397534e-06,2.7947429500938206e-06,1.298903572077414e-05,2.235200842790763e-05,5.3503560214875675e-06,1.298903572077414e-05,3.812777206991008e-07,2.00361774425608e-06,3.4636253782960865e-05,7.643540287818507e-06,6.0957623576654594e-06,4.010970561736519e-06,5.210297116709054e-05,3.3908124232365395e-06,2.1696139884781507e-07,1.4478793437857904e-06,2.942446427312211e-06,3.029913474972573e-07,1.1549007389832542e-07,0.0
2005,2.487756978299015e-05,9.632698217992313e-06,3.6402537670533582e-06,5.9688466847433975e-06,2.6246438571389117e-06,1.3102541881231124e-05,2.3914852733115343e-05,5.275261813472911e-06,1.3102541881231124e-05,3.886297501050685e-07,2.1197246881111582e-06,3.487856571339625e-05,7.824675354055806e-06,6.49795147849927e-06,3.889453011527432e-06,5.3820953122812855e-05,3.429640454160005e-06,2.7501741043365425e-07,1.4272285401041578e-06,2.873901037303442e-06,3.264180700173211e-07,1.6591527155574426e-07,3.4593559550816558e-09
2006,2.6813283383429003e-05,8.869596606031902e-06,3.4312760811994733e-06,6.226277366111905e-06,2.565411817976479e-06,1.414379148905453e-05,2.3955328972866336e-05,5.338641480404738e-06,1.414379148905453e-05,4.0569081690269526e-07,2.238413529716734e-06,3.4616716368274496e-05,7.79991157312502e-06,6.671713494563113e-06,3.87122639924071e-06,5.180596575263671e-05,3.259280845557718e-06,3.550970725316922e-07,1.3434835549423938e-06,2.6850358811155905e-06,4.0727939407507576e-07,1.9900127546714054e-07,0.0
2007,2.2595239856535586e-05,9.181296108318028e-06,3.556651485297053e-06,5.740787241933222e-06,2.758215846900198e-06,1.3503216677162753e-05,2.085696720374798e-05,5.533916691787376e-06,1.3503216677162753e-05,3.481022893816609e-07,2.491691116823664e-06,3.3344435332638974e-05,7.77295021041485e-06,6.395369668986895e-06,3.7791104287294085e-06,5.492761664167163e-05,3.5992931222816853e-06,4.14324402828136e-07,1.3046027891716064e-06,2.7160348099368403e-06,5.35354748358457e-07,2.754440809878596e-07,0.0
2008,2.457626781122362e-05,9.335937131564879e-06,3.1102495916834123e-06,5.952028658440329e-06,2.5977090594339554e-06,1.3379613325361444e-05,2.0761645288393263e-05,5.091046760096788e-06,1.3379613325361444e-05,3.951119718908289e-07,2.5434778268438525e-06,3.388682289843836e-05,7.887977002654442e-06,6.536892323319614e-06,3.9387944949787695e-06,5.30623182444837e-05,3.2020331105770336e-06,5.35734852908995e-07,1.3117017441633017e-06,2.9684226956649637e-06,6.099140752773813e-07,3.3335768939213146e-07,0.0
2009,2.4148526853189517e-05,8.247123596314087e-06,3.2689582706889914e-06,5.845678876355736e-06,2.7797064395929523e-06,1.2985419448938427e-05,2.1551662521474616e-05,5.394048425617978e-06,1.2985419448938427e-05,4.1569137422855675e-07,2.8141991788593364e-06,3.4802838737666624e-05,8.09470592294693e-06,6.913813515102945e-06,3.833637146056857e-06,5.438712978525972e-05,3.3141899902073468e-06,6.790451173728748e-07,1.385879696626968e-06,2.602453623817652e-06,8.212380683851206e-07,4.030034050740866e-07,0.0
2010,2.3665243710181543e-05,8.495096657072214e-06,3.403171570030877e-06,5.720402880255954e-06,2.629770915364893e-06,1.2517622293210294e-05,1.997639766510639e-05,5.645254223303295e-06,1.2517622293210294e-05,3.756502195239968e-07,3.0752693233780607e-06,3.35339146639977e-05,7.51130749801153e-06,7.094008029419445e-06,3.93604439859545e-06,5.3204112895153133e-05,3.299439428908738e-06,8.034903793665053e-07,1.3448723554204858e-06,2.694566252314337e-06,9.542674838151555e-07,4.778094238487328e-07,0.0
2011,2.3048355851406278e-05,8.88101438173272e-06,3.434024901016077e-06,5.945812624173447e-06,2.659400469770963e-06,1.289139719493264e-05,1.9828565221028883e-05,5.33081018495301e-06,1.289139719493264e-05,4.107755662885235e-07,3.228830371504032e-06,3.336500486081648e-05,7.963786025112657e-06,7.477988000126128e-06,3.858495314722291e-06,5.370107966991442e-05,3.6549662361294233e-06,9.71108774611747e-07,1.3594661503066353e-06,2.702327146319677e-06,1.1138192865362118e-06,5.616556756885055e-07,1.0818275749495308e-09
2012,2.417706453609204e-05,8.775586707969881e-06,3.1181457292176244e-06,6.17442502437059e-06,2.7678031567655653e-06,1.2986344916881635e-05,2.0314210129302005e-05,5.411358542999388e-06,1.2986344916881635e-05,3.883945276456608e-07,3.353781308292627e-06,3.443229808430555e-05,7.797779600894708e-06,7.731383192699035e-06,4.005179178512511e-06,5.441642924435833e-05,3.2891518750908623e-06,1.0953030507509607e-06,1.3150014592760195e-06,2.7517130832881563e-06,1.3242990633788578e-06,6.502091025408456e-07,1.520329992620248e-08
2013,2.3693295317576107e-05,8.335130312880279e-06,3.1359142129477805e-06,5.641050716245848e-06,2.877995536960863e-06,1.2970068697976464e-05,2.1158606647759753e-05,5.374861509852303e-06,1.2970068697976464e-05,3.727129678060887e-07,3.6666375540426056e-06,3.369556737725368e-05,7.912736987861224e-06,7.726748613305068e-06,4.035174905652109e-06,5.4631755350401584e-05,3.4128171922261005e-06,1.2774705192454612e-06,1.3634390799516885e-06,2.6973861424144025e-06,1.4920061653633616e-06,7.571761740161263e-07,2.690631488739124e-09
2014,2.326611678407858e-05,8.845669968873208e-06,3.284822077027426e-06,5.00388307138501e-06,2.6144348071580132e-06,1.3122106800990512e-05,1.864859082567004e-05,5.035454140395445e-06,1.3122106800990512e-05,3.5907560991101423e-07,3.891486103578183e-06,3.529800369891496e-05,7.723108287860292e-06,7.988287868036497e-06,3.863161101006015e-06,5.3998146150674e-05,3.4771088186869007e-06,1.4172049503059376e-06,1.2667701693774893e-06,2.5305653700062743e-06,1.6894963403322872e-06,8.92484357155389e-07,9.142205430178863e-10
2015,2.382518227280184e-05,7.323490571851949e-06,3.3758242785246765e-06,5.42770133702127e-06,2.6426701542271e-06,1.3119131374069327e-05,1.9578800993250922e-05,5.648624950554929e-06,1.3119131374069327e-05,3.9347811781101414e-07,4.0452771300859254e-06,3.4897723564617213e-05,8.00442133430314e-06,8.128424692230418e-06,4.0606613005073115e-06,5.439902405110293e-05,3.447339718420646e-06,1.646560221592655e-06,1.1471698845554726e-06,2.4744086713348078e-06,1.9659968675497266e-06,9.896969688005277e-07,3.480133073757861e-09
2016,2.2143421879507424e-05,7.855319733412117e-06,3.0413538723258385e-06,5.498983022615485e-06,2.9069671451227436e-06,1.201866577879834e-05,2.0896850984813088e-05,5.5890169919490704e-06,1.201866577879834e-05,4.2968272498413783e-07,4.5693424732943285e-06,3.486081015747154e-05,8.02088406523801e-06,8.364802791898592e-06,4.009483581659348e-06,5.511776659686863e-05,3.4088217371055617e-06,1.8255764954310785e-06,1.1451692958805936e-06,2.7109514967623015e-06,2.212564418713663e-06,1.1108152052498428e-06,1.727837590899324e-12
2017,2.2151682328363395e-05,7.9929511192628e-06,3.063702979081296e-06,5.232332671397724e-06,2.8010556139584495e-06,1.2442081864906142e-05,1.8427786183770942e-05,5.295094121164168e-06,1.2442081864906142e-05,3.731056578523868e-07,4.800664984553466e-06,3.4971011965779964e-05,8.124296748785045e-06,8.395857523184985e-06,3.960351418327004e-06,5.572888315918348e-05,3.6126882458086553e-06,2.05680508790402e-06,1.2510523192615658e-06,2.5450264171814325e-06,2.445112553326661e-06,1.2012279934193347e-06,4.862153136459331e-10
2018,2.211542659663282e-05,7.71813382655679e-06,3.1247269750704063e-06,5.9144845373509495e-06,2.708570709576794e-06,1.175476788112121e-05,1.9477749979738933e-05,5.549718847100364e-06,1.175476788112121e-05,4.322459569874828e-07,5.099103226082034e-06,3.507977132590094e-05,7.67949818631727e-06,8.713672927708191e-06,3.944808556264616e-06,5.5185464096571924e-05,3.3999080658851225e-06,2.251556309158725e-06,1.1935996100509666e-06,2.299913784735745e-06,2.750342251188958e-06,1.3673217641752621e-06,3.1742403420773192e-12
2019,2.1850769418101893e-05,7.228244706356439e-06,3.1005090344458707e-06,5.360017916647945e-06,2.883430663678987e-06,1.2171549904567502e-05,1.763098179566625e-05,5.591410019951666e-06,1.2171549904567502e-05,3.85925471958239e-07,5.6048929392441795e-06,3.432849940640284e-05,7.3576183991563445e-06,9.009228166225642e-06,3.919108217740352e-06,5.5375470726205015e-05,3.5927283779247968e-06,2.449723796769608e-06,1.1592783205858732e-06,2.425544940192134e-06,2.9565422343618615e-06,1.4868279653989832e-06,4e-12
