Year,aqueduct,canal,coal,dam,divine,drainage,engine,engineer,factory,flood,harvest,holy,hydraulic,irrigation,machine,mill,navigation,power,pump,rain,reservoir,river,sewer,steam,turbine,water,waterwheel
1700,3e-06,5e-06,1e-05,8e-06,4.5e-05,3e-06,5e-06,3e-06,1e-06,2.5e-05,3e-05,7e-05,1e-06,2e-06,5e-06,3.5e-05,2.5e-05,8e-05,4e-06,3e-05,1e-06,5.5e-05,1e-06,3e-06,0.0,0.00028,1e-07
1701,3.02e-06,5.1e-06,1.0066666666666668e-05,8.04e-06,4.483333333333334e-05,3.04e-06,5.033333333333334e-06,3.0333333333333332e-06,1.0333333333333333e-06,2.51e-05,2.9933333333333334e-05,6.983333333333333e-05,1.02e-06,2.04e-06,5.033333333333334e-06,3.51e-05,2.5166666666666667e-05,8.016666666666667e-05,4.066666666666666e-06,3.0066666666666668e-05,1.04e-06,5.5100000000000004e-05,1e-06,3.0333333333333332e-06,0.0,0.0002805,1.0399999999999999e-07
1702,3.04e-06,5.2e-06,1.0133333333333333e-05,8.079999999999999e-06,4.466666666666667e-05,3.08e-06,5.066666666666667e-06,3.066666666666667e-06,1.0666666666666667e-06,2.5200000000000003e-05,2.9866666666666666e-05,6.966666666666666e-05,1.04e-06,2.08e-06,5.066666666666667e-06,3.5199999999999995e-05,2.5333333333333334e-05,8.033333333333334e-05,4.133333333333333e-06,3.0133333333333335e-05,1.08e-06,5.52e-05,1e-06,3.066666666666667e-06,0.0,0.000281,1.0799999999999999e-07
1703,3.06e-06,5.3e-06,1.02e-05,8.12e-06,4.4500000000000004e-05,3.12e-06,5.1e-06,3.1e-06,1.1e-06,2.5300000000000002e-05,2.98e-05,6.95e-05,1.06e-06,2.12e-06,5.1e-06,3.53e-05,2.55e-05,8.05e-05,4.2e-06,3.0200000000000002e-05,1.1199999999999999e-06,5.53e-05,1e-06,3.1e-06,0.0,0.00028149999999999996,1.12e-07
1704,3.08e-06,5.4e-06,1.0266666666666668e-05,8.16e-06,4.433333333333334e-05,3.1600000000000002e-06,5.133333333333334e-06,3.1333333333333335e-06,1.1333333333333332e-06,2.54e-05,2.9733333333333336e-05,6.933333333333333e-05,1.08e-06,2.16e-06,5.133333333333334e-06,3.54e-05,2.566666666666667e-05,8.066666666666667e-05,4.266666666666667e-06,3.0266666666666666e-05,1.16e-06,5.5400000000000005e-05,1e-06,3.1333333333333335e-06,0.0,0.00028199999999999997,1.1599999999999999e-07
1705,3.1e-06,5.5e-06,1.0333333333333335e-05,8.2e-06,4.416666666666667e-05,3.2000000000000003e-06,5.1666666666666675e-06,3.1666666666666667e-06,1.1666666666666666e-06,2.55e-05,2.966666666666667e-05,6.916666666666666e-05,1.1e-06,2.2e-06,5.1666666666666675e-06,3.5499999999999996e-05,2.5833333333333336e-05,8.083333333333334e-05,4.333333333333333e-06,3.0333333333333333e-05,1.2e-06,5.55e-05,1e-06,3.1666666666666667e-06,0.0,0.0002825,1.2e-07
1706,3.12e-06,5.600000000000001e-06,1.04e-05,8.239999999999999e-06,4.4000000000000006e-05,3.2400000000000003e-06,5.2e-06,3.2e-06,1.2e-06,2.5600000000000002e-05,2.96e-05,6.9e-05,1.1199999999999999e-06,2.2399999999999997e-06,5.2e-06,3.56e-05,2.6000000000000002e-05,8.1e-05,4.4e-06,3.04e-05,1.24e-06,5.56e-05,1e-06,3.2e-06,0.0,0.000283,1.24e-07
1707,3.14e-06,5.7000000000000005e-06,1.0466666666666668e-05,8.28e-06,4.383333333333334e-05,3.28e-06,5.233333333333334e-06,3.2333333333333334e-06,1.2333333333333333e-06,2.57e-05,2.9533333333333334e-05,6.883333333333333e-05,1.1399999999999999e-06,2.2799999999999998e-06,5.233333333333334e-06,3.57e-05,2.6166666666666668e-05,8.116666666666667e-05,4.4666666666666665e-06,3.0466666666666667e-05,1.28e-06,5.57e-05,1e-06,3.2333333333333334e-06,0.0,0.0002835,1.2799999999999998e-07
1708,3.1600000000000002e-06,5.8e-06,1.0533333333333335e-05,8.32e-06,4.3666666666666666e-05,3.32e-06,5.266666666666667e-06,3.2666666666666666e-06,1.2666666666666667e-06,2.58e-05,2.9466666666666667e-05,6.866666666666666e-05,1.16e-06,2.32e-06,5.266666666666667e-06,3.5799999999999996e-05,2.6333333333333334e-05,8.133333333333334e-05,4.533333333333333e-06,3.0533333333333335e-05,1.32e-06,5.58e-05,1e-06,3.2666666666666666e-06,0.0,0.00028399999999999996,1.32e-07
1709,3.18e-06,5.9e-06,1.06e-05,8.36e-06,4.35e-05,3.36e-06,5.3e-06,3.3e-06,1.2999999999999998e-06,2.59e-05,2.94e-05,6.85e-05,1.18e-06,2.36e-06,5.3e-06,3.59e-05,2.65e-05,8.15e-05,4.6e-06,3.06e-05,1.3600000000000001e-06,5.5900000000000004e-05,1e-06,3.3e-06,0.0,0.0002845,1.36e-07
1710,3.2e-06,6e-06,1.0666666666666667e-05,8.4e-06,4.3333333333333334e-05,3.4e-06,5.333333333333334e-06,3.3333333333333333e-06,1.3333333333333334e-06,2.6000000000000002e-05,2.9333333333333333e-05,6.833333333333333e-05,1.2e-06,2.4e-06,5.333333333333334e-06,3.6e-05,2.6666666666666667e-05,8.166666666666667e-05,4.666666666666666e-06,3.066666666666667e-05,1.4000000000000001e-06,5.6e-05,1e-06,3.3333333333333333e-06,0.0,0.000285,1.3999999999999998e-07
1711,3.22e-06,6.1e-06,1.0733333333333334e-05,8.44e-06,4.316666666666667e-05,3.44e-06,5.366666666666667e-06,3.366666666666667e-06,1.3666666666666666e-06,2.61e-05,2.9266666666666665e-05,6.816666666666667e-05,1.22e-06,2.44e-06,5.366666666666667e-06,3.6099999999999997e-05,2.6833333333333333e-05,8.183333333333333e-05,4.7333333333333335e-06,3.073333333333333e-05,1.44e-06,5.61e-05,1e-06,3.366666666666667e-06,0.0,0.0002855,1.44e-07
1712,3.24e-06,6.2e-06,1.08e-05,8.48e-06,4.3e-05,3.48e-06,5.4e-06,3.4e-06,1.4e-06,2.62e-05,2.92e-05,6.8e-05,1.24e-06,2.48e-06,5.4e-06,3.62e-05,2.7000000000000002e-05,8.2e-05,4.8e-06,3.08e-05,1.48e-06,5.6200000000000004e-05,1e-06,3.4e-06,0.0,0.000286,1.48e-07
1713,3.26e-06,6.3e-06,1.0866666666666667e-05,8.52e-06,4.2833333333333335e-05,3.52e-06,5.4333333333333335e-06,3.4333333333333332e-06,1.4333333333333333e-06,2.63e-05,2.9133333333333334e-05,6.783333333333333e-05,1.26e-06,2.52e-06,5.4333333333333335e-06,3.63e-05,2.716666666666667e-05,8.216666666666667e-05,4.866666666666667e-06,3.086666666666667e-05,1.52e-06,5.63e-05,1e-06,3.4333333333333332e-06,0.0,0.00028649999999999997,1.5199999999999998e-07
1714,3.28e-06,6.4e-06,1.0933333333333334e-05,8.56e-06,4.266666666666667e-05,3.5600000000000002e-06,5.466666666666667e-06,3.466666666666667e-06,1.4666666666666667e-06,2.64e-05,2.9066666666666667e-05,6.766666666666667e-05,1.28e-06,2.56e-06,5.466666666666667e-06,3.64e-05,2.7333333333333335e-05,8.233333333333333e-05,4.933333333333333e-06,3.093333333333333e-05,1.56e-06,5.64e-05,1e-06,3.466666666666667e-06,0.0,0.000287,1.56e-07
1715,3.2999999999999997e-06,6.5000000000000004e-06,1.1e-05,8.6e-06,4.25e-05,3.6000000000000003e-06,5.5e-06,3.5e-06,1.5e-06,2.65e-05,2.9e-05,6.749999999999999e-05,1.2999999999999998e-06,2.5999999999999997e-06,5.5e-06,3.65e-05,2.75e-05,8.25e-05,4.9999999999999996e-06,3.1e-05,1.6e-06,5.6500000000000005e-05,1e-06,3.5e-06,0.0,0.0002875,1.6e-07
1716,3.32e-06,6.5999999999999995e-06,1.1066666666666667e-05,8.64e-06,4.233333333333334e-05,3.6400000000000003e-06,5.5333333333333334e-06,3.533333333333333e-06,1.5333333333333332e-06,2.66e-05,2.8933333333333333e-05,6.733333333333332e-05,1.32e-06,2.64e-06,5.5333333333333334e-06,3.66e-05,2.7666666666666667e-05,8.266666666666668e-05,5.066666666666667e-06,3.1066666666666665e-05,1.64e-06,5.66e-05,1e-06,3.533333333333333e-06,0.0,0.000288,1.6399999999999999e-07
1717,3.34e-06,6.7e-06,1.1133333333333334e-05,8.68e-06,4.216666666666667e-05,3.6800000000000003e-06,5.566666666666667e-06,3.5666666666666667e-06,1.5666666666666668e-06,2.67e-05,2.8866666666666666e-05,6.716666666666665e-05,1.3399999999999999e-06,2.6799999999999998e-06,5.566666666666667e-06,3.67e-05,2.7833333333333333e-05,8.283333333333335e-05,5.133333333333334e-06,3.1133333333333336e-05,1.68e-06,5.67e-05,1e-06,3.5666666666666667e-06,0.0,0.0002885,1.6799999999999997e-07
1718,3.36e-06,6.8e-06,1.1200000000000001e-05,8.72e-06,4.2000000000000004e-05,3.72e-06,5.600000000000001e-06,3.6e-06,1.6e-06,2.68e-05,2.88e-05,6.699999999999999e-05,1.36e-06,2.72e-06,5.600000000000001e-06,3.68e-05,2.8e-05,8.300000000000001e-05,5.2e-06,3.12e-05,1.72e-06,5.68e-05,1e-06,3.6e-06,0.0,0.000289,1.7199999999999998e-07
1719,3.38e-06,6.9e-06,1.1266666666666667e-05,8.76e-06,4.183333333333334e-05,3.7600000000000004e-06,5.633333333333333e-06,3.6333333333333334e-06,1.6333333333333333e-06,2.69e-05,2.873333333333333e-05,6.683333333333332e-05,1.38e-06,2.76e-06,5.633333333333333e-06,3.69e-05,2.816666666666667e-05,8.316666666666668e-05,5.2666666666666665e-06,3.126666666666666e-05,1.76e-06,5.69e-05,1e-06,3.6333333333333334e-06,0.0,0.0002895,1.76e-07
1720,3.4e-06,7e-06,1.1333333333333334e-05,8.8e-06,4.166666666666667e-05,3.8e-06,5.666666666666667e-06,3.6666666666666666e-06,1.6666666666666667e-06,2.7e-05,2.8666666666666668e-05,6.666666666666666e-05,1.4e-06,2.8e-06,5.666666666666667e-06,3.7e-05,2.8333333333333335e-05,8.333333333333334e-05,5.333333333333334e-06,3.1333333333333334e-05,1.8000000000000001e-06,5.7e-05,1e-06,3.6666666666666666e-06,0.0,0.00029,1.7999999999999997e-07
1721,3.42e-06,7.1e-06,1.1400000000000001e-05,8.84e-06,4.1500000000000006e-05,3.8400000000000005e-06,5.7000000000000005e-06,3.7e-06,1.6999999999999998e-06,2.71e-05,2.86e-05,6.649999999999999e-05,1.42e-06,2.84e-06,5.7000000000000005e-06,3.71e-05,2.85e-05,8.350000000000001e-05,5.4e-06,3.14e-05,1.8400000000000002e-06,5.71e-05,1e-06,3.7e-06,0.0,0.0002905,1.8399999999999998e-07
1722,3.44e-06,7.2e-06,1.1466666666666666e-05,8.88e-06,4.133333333333334e-05,3.88e-06,5.733333333333333e-06,3.7333333333333333e-06,1.7333333333333334e-06,2.72e-05,2.8533333333333333e-05,6.633333333333332e-05,1.44e-06,2.88e-06,5.733333333333333e-06,3.72e-05,2.8666666666666668e-05,8.366666666666668e-05,5.466666666666666e-06,3.146666666666667e-05,1.8800000000000002e-06,5.72e-05,1e-06,3.7333333333333333e-06,0.0,0.000291,1.88e-07
1723,3.46e-06,7.2999999999999996e-06,1.1533333333333334e-05,8.92e-06,4.1166666666666673e-05,3.920000000000001e-06,5.766666666666667e-06,3.7666666666666665e-06,1.7666666666666666e-06,2.73e-05,2.8466666666666666e-05,6.616666666666666e-05,1.46e-06,2.92e-06,5.766666666666667e-06,3.73e-05,2.8833333333333334e-05,8.383333333333334e-05,5.5333333333333334e-06,3.153333333333333e-05,1.9200000000000003e-06,5.7300000000000004e-05,1e-06,3.7666666666666665e-06,0.0,0.0002915,1.9199999999999997e-07
1724,3.4799999999999997e-06,7.3999999999999995e-06,1.16e-05,8.96e-06,4.1e-05,3.96e-06,5.8e-06,3.8e-06,1.8e-06,2.74e-05,2.84e-05,6.599999999999999e-05,1.48e-06,2.96e-06,5.8e-06,3.74e-05,2.9e-05,8.400000000000001e-05,5.600000000000001e-06,3.1599999999999996e-05,1.96e-06,5.74e-05,1e-06,3.8e-06,0.0,0.000292,1.9599999999999998e-07
1725,3.5e-06,7.499999999999999e-06,1.1666666666666668e-05,9e-06,4.0833333333333334e-05,4.000000000000001e-06,5.833333333333334e-06,3.833333333333334e-06,1.8333333333333333e-06,2.75e-05,2.8333333333333332e-05,6.583333333333333e-05,1.5e-06,3e-06,5.833333333333334e-06,3.7500000000000003e-05,2.9166666666666666e-05,8.416666666666668e-05,5.666666666666667e-06,3.1666666666666666e-05,2.0000000000000003e-06,5.75e-05,1e-06,3.833333333333334e-06,0.0,0.0002925,2e-07
1726,3.52e-06,7.6e-06,1.1733333333333333e-05,9.04e-06,4.066666666666667e-05,4.04e-06,5.866666666666667e-06,3.866666666666666e-06,1.8666666666666667e-06,2.76e-05,2.8266666666666665e-05,6.566666666666666e-05,1.5199999999999998e-06,3.0399999999999997e-06,5.866666666666667e-06,3.76e-05,2.9333333333333333e-05,8.433333333333334e-05,5.733333333333333e-06,3.173333333333333e-05,2.04e-06,5.76e-05,1e-06,3.866666666666666e-06,0.0,0.00029299999999999997,2.0399999999999997e-07
1727,3.54e-06,7.699999999999999e-06,1.18e-05,9.08e-06,4.05e-05,4.08e-06,5.9e-06,3.9e-06,1.9e-06,2.77e-05,2.82e-05,6.549999999999999e-05,1.54e-06,3.08e-06,5.9e-06,3.77e-05,2.95e-05,8.450000000000001e-05,5.8e-06,3.18e-05,2.0800000000000004e-06,5.77e-05,1e-06,3.9e-06,0.0,0.0002935,2.0799999999999998e-07
1728,3.56e-06,7.8e-06,1.1866666666666668e-05,9.12e-06,4.0333333333333336e-05,4.12e-06,5.933333333333334e-06,3.9333333333333335e-06,1.933333333333333e-06,2.7799999999999998e-05,2.8133333333333334e-05,6.533333333333333e-05,1.5599999999999999e-06,3.1199999999999998e-06,5.933333333333334e-06,3.7800000000000004e-05,2.966666666666667e-05,8.466666666666667e-05,5.866666666666667e-06,3.1866666666666664e-05,2.12e-06,5.78e-05,1e-06,3.9333333333333335e-06,0.0,0.000294,2.12e-07
1729,3.58e-06,7.899999999999999e-06,1.1933333333333333e-05,9.16e-06,4.016666666666667e-05,4.16e-06,5.9666666666666666e-06,3.966666666666667e-06,1.9666666666666668e-06,2.79e-05,2.8066666666666667e-05,6.516666666666666e-05,1.5800000000000001e-06,3.1600000000000002e-06,5.9666666666666666e-06,3.79e-05,2.9833333333333335e-05,8.483333333333334e-05,5.933333333333333e-06,3.1933333333333335e-05,2.16e-06,5.79e-05,1e-06,3.966666666666667e-06,0.0,0.0002945,2.1599999999999998e-07
1730,3.6e-06,8e-06,1.2e-05,9.2e-06,4e-05,4.2000000000000004e-06,6e-06,4e-06,2e-06,2.8e-05,2.8e-05,6.5e-05,1.6e-06,3.2e-06,6e-06,3.8e-05,3e-05,8.5e-05,6e-06,3.2e-05,2.2e-06,5.8e-05,1e-06,4e-06,0.0,0.000295,2.1999999999999998e-07
1731,3.62e-06,8.333333333333334e-06,1.2100000000000001e-05,9.24e-06,3.983333333333334e-05,4.24e-06,6.133333333333334e-06,4.033333333333333e-06,2.033333333333333e-06,2.7799999999999998e-05,2.79e-05,6.476666666666666e-05,1.62e-06,3.24e-06,6.0666666666666665e-06,3.823333333333333e-05,3.0266666666666666e-05,8.516666666666667e-05,6.1e-06,3.1866666666666664e-05,2.24e-06,5.8066666666666664e-05,1e-06,4.066666666666666e-06,0.0,0.00029549999999999997,2.2399999999999997e-07
1732,3.64e-06,8.666666666666666e-06,1.22e-05,9.280000000000001e-06,3.966666666666667e-05,4.2800000000000005e-06,6.266666666666667e-06,4.066666666666666e-06,2.0666666666666666e-06,2.76e-05,2.7799999999999998e-05,6.453333333333333e-05,1.64e-06,3.28e-06,6.133333333333334e-06,3.846666666666667e-05,3.0533333333333335e-05,8.533333333333334e-05,6.2e-06,3.173333333333333e-05,2.28e-06,5.8133333333333335e-05,1e-06,4.133333333333333e-06,0.0,0.000296,2.2799999999999998e-07
1733,3.6599999999999997e-06,9e-06,1.23e-05,9.32e-06,3.9500000000000005e-05,4.32e-06,6.4000000000000006e-06,4.1e-06,2.1e-06,2.74e-05,2.77e-05,6.429999999999999e-05,1.66e-06,3.32e-06,6.2e-06,3.8700000000000006e-05,3.08e-05,8.55e-05,6.3e-06,3.1599999999999996e-05,2.3200000000000002e-06,5.82e-05,1e-06,4.2e-06,0.0,0.0002965,2.3199999999999999e-07
1734,3.68e-06,9.333333333333333e-06,1.24e-05,9.36e-06,3.933333333333334e-05,4.360000000000001e-06,6.533333333333334e-06,4.133333333333333e-06,2.1333333333333334e-06,2.72e-05,2.76e-05,6.406666666666666e-05,1.68e-06,3.36e-06,6.266666666666667e-06,3.8933333333333336e-05,3.1066666666666665e-05,8.566666666666667e-05,6.4000000000000006e-06,3.146666666666667e-05,2.3600000000000003e-06,5.826666666666667e-05,1e-06,4.266666666666667e-06,0.0,0.00029699999999999996,2.3599999999999997e-07
1735,3.6999999999999997e-06,9.666666666666667e-06,1.25e-05,9.4e-06,3.9166666666666665e-05,4.4e-06,6.666666666666667e-06,4.166666666666667e-06,2.1666666666666665e-06,2.7e-05,2.75e-05,6.383333333333333e-05,1.6999999999999998e-06,3.3999999999999996e-06,6.333333333333333e-06,3.9166666666666665e-05,3.1333333333333334e-05,8.583333333333334e-05,6.5000000000000004e-06,3.1333333333333334e-05,2.4000000000000003e-06,5.833333333333333e-05,1e-06,4.333333333333333e-06,0.0,0.00029749999999999997,2.4e-07
1736,3.72e-06,9.999999999999999e-06,1.26e-05,9.440000000000001e-06,3.9e-05,4.44e-06,6.8e-06,4.2e-06,2.2e-06,2.68e-05,2.74e-05,6.36e-05,1.72e-06,3.44e-06,6.4e-06,3.94e-05,3.16e-05,8.6e-05,6.6e-06,3.12e-05,2.4400000000000004e-06,5.84e-05,1e-06,4.4e-06,0.0,0.000298,2.4399999999999996e-07
1737,3.7399999999999998e-06,1.0333333333333333e-05,1.27e-05,9.48e-06,3.883333333333333e-05,4.48e-06,6.933333333333334e-06,4.233333333333333e-06,2.2333333333333333e-06,2.66e-05,2.73e-05,6.336666666666666e-05,1.7399999999999999e-06,3.4799999999999997e-06,6.466666666666667e-06,3.963333333333334e-05,3.186666666666667e-05,8.616666666666667e-05,6.7e-06,3.1066666666666665e-05,2.48e-06,5.846666666666667e-05,1e-06,4.4666666666666665e-06,0.0,0.0002985,2.48e-07
1738,3.7599999999999996e-06,1.0666666666666667e-05,1.2800000000000001e-05,9.52e-06,3.866666666666667e-05,4.520000000000001e-06,7.066666666666667e-06,4.266666666666667e-06,2.2666666666666664e-06,2.6399999999999998e-05,2.72e-05,6.313333333333333e-05,1.76e-06,3.52e-06,6.533333333333333e-06,3.986666666666667e-05,3.213333333333333e-05,8.633333333333334e-05,6.8e-06,3.093333333333333e-05,2.5200000000000004e-06,5.853333333333333e-05,1e-06,4.533333333333333e-06,0.0,0.000299,2.52e-07
1739,3.78e-06,1.1e-05,1.29e-05,9.56e-06,3.85e-05,4.56e-06,7.2000000000000005e-06,4.3e-06,2.3e-06,2.62e-05,2.71e-05,6.29e-05,1.78e-06,3.56e-06,6.6e-06,4.01e-05,3.24e-05,8.65e-05,6.9e-06,3.0799999999999996e-05,2.56e-06,5.86e-05,1e-06,4.6e-06,0.0,0.00029949999999999996,2.5599999999999996e-07
1740,3.8e-06,1.1333333333333332e-05,1.3000000000000001e-05,9.6e-06,3.8333333333333334e-05,4.6e-06,7.333333333333334e-06,4.333333333333333e-06,2.333333333333333e-06,2.6e-05,2.7e-05,6.266666666666667e-05,1.8e-06,3.6e-06,6.666666666666667e-06,4.0333333333333336e-05,3.266666666666667e-05,8.666666666666667e-05,7.000000000000001e-06,3.066666666666666e-05,2.6000000000000005e-06,5.8666666666666665e-05,1e-06,4.666666666666666e-06,0.0,0.0003,2.5999999999999995e-07
1741,3.82e-06,1.1666666666666666e-05,1.31e-05,9.640000000000001e-06,3.816666666666667e-05,4.6400000000000005e-06,7.4666666666666675e-06,4.366666666666667e-06,2.3666666666666667e-06,2.58e-05,2.69e-05,6.243333333333332e-05,1.82e-06,3.64e-06,6.733333333333334e-06,4.056666666666667e-05,3.293333333333333e-05,8.683333333333333e-05,7.1e-06,3.0533333333333335e-05,2.64e-06,5.8733333333333336e-05,1e-06,4.7333333333333335e-06,0.0,0.000301,2.64e-07
1742,3.84e-06,1.2e-05,1.32e-05,9.68e-06,3.8e-05,4.68e-06,7.6e-06,4.4e-06,2.4e-06,2.56e-05,2.68e-05,6.22e-05,1.84e-06,3.68e-06,6.8e-06,4.08e-05,3.32e-05,8.7e-05,7.2000000000000005e-06,3.04e-05,2.68e-06,5.88e-05,1e-06,4.8e-06,0.0,0.00030199999999999997,2.6799999999999996e-07
1743,3.8599999999999995e-06,1.2333333333333333e-05,1.33e-05,9.72e-06,3.7833333333333336e-05,4.7200000000000005e-06,7.733333333333334e-06,4.433333333333334e-06,2.4333333333333335e-06,2.54e-05,2.6700000000000002e-05,6.196666666666666e-05,1.86e-06,3.72e-06,6.8666666666666664e-06,4.103333333333333e-05,3.346666666666667e-05,8.716666666666667e-05,7.3e-06,3.0266666666666666e-05,2.7200000000000002e-06,5.886666666666667e-05,1e-06,4.866666666666667e-06,0.0,0.000303,2.72e-07
1744,3.88e-06,1.2666666666666667e-05,1.34e-05,9.760000000000001e-06,3.766666666666667e-05,4.76e-06,7.866666666666667e-06,4.4666666666666665e-06,2.4666666666666666e-06,2.52e-05,2.66e-05,6.173333333333333e-05,1.88e-06,3.76e-06,6.933333333333334e-06,4.126666666666667e-05,3.373333333333334e-05,8.733333333333333e-05,7.4e-06,3.013333333333333e-05,2.7600000000000003e-06,5.8933333333333334e-05,1e-06,4.933333333333333e-06,0.0,0.00030399999999999996,2.76e-07
1745,3.9e-06,1.3000000000000001e-05,1.35e-05,9.800000000000001e-06,3.7500000000000003e-05,4.800000000000001e-06,8.000000000000001e-06,4.5e-06,2.4999999999999998e-06,2.4999999999999998e-05,2.65e-05,6.15e-05,1.9e-06,3.8e-06,7e-06,4.1500000000000006e-05,3.4e-05,8.750000000000001e-05,7.5e-06,2.9999999999999997e-05,2.8000000000000003e-06,5.9e-05,1e-06,4.9999999999999996e-06,0.0,0.000305,2.7999999999999997e-07
1746,3.92e-06,1.3333333333333333e-05,1.36e-05,9.84e-06,3.733333333333333e-05,4.84e-06,8.133333333333334e-06,4.533333333333334e-06,2.5333333333333334e-06,2.48e-05,2.64e-05,6.126666666666666e-05,1.92e-06,3.84e-06,7.066666666666666e-06,4.1733333333333336e-05,3.426666666666667e-05,8.766666666666668e-05,7.6e-06,2.9866666666666666e-05,2.8400000000000003e-06,5.906666666666667e-05,1e-06,5.066666666666667e-06,0.0,0.000306,2.8399999999999995e-07
1747,3.9399999999999995e-06,1.3666666666666666e-05,1.3700000000000001e-05,9.88e-06,3.7166666666666664e-05,4.880000000000001e-06,8.266666666666667e-06,4.5666666666666664e-06,2.566666666666667e-06,2.4599999999999998e-05,2.6300000000000002e-05,6.103333333333333e-05,1.94e-06,3.88e-06,7.133333333333333e-06,4.1966666666666666e-05,3.453333333333334e-05,8.783333333333335e-05,7.7e-06,2.9733333333333332e-05,2.8800000000000004e-06,5.913333333333333e-05,1e-06,5.133333333333334e-06,0.0,0.000307,2.8799999999999993e-07
1748,3.959999999999999e-06,1.4e-05,1.38e-05,9.92e-06,3.7e-05,4.92e-06,8.400000000000001e-06,4.6e-06,2.6e-06,2.44e-05,2.62e-05,6.08e-05,1.96e-06,3.92e-06,7.2e-06,4.22e-05,3.4800000000000006e-05,8.800000000000001e-05,7.8e-06,2.9599999999999998e-05,2.92e-06,5.92e-05,1e-06,5.2e-06,0.0,0.000308,2.9199999999999997e-07
1749,3.98e-06,1.4333333333333334e-05,1.39e-05,9.960000000000001e-06,3.683333333333333e-05,4.96e-06,8.533333333333334e-06,4.633333333333334e-06,2.6333333333333332e-06,2.42e-05,2.61e-05,6.0566666666666664e-05,1.9799999999999997e-06,3.959999999999999e-06,7.266666666666667e-06,4.243333333333334e-05,3.506666666666667e-05,8.816666666666668e-05,7.9e-06,2.9466666666666667e-05,2.9600000000000005e-06,5.9266666666666666e-05,1e-06,5.2666666666666665e-06,0.0,0.000309,2.96e-07
1750,4e-06,1.4666666666666666e-05,1.4000000000000001e-05,1e-05,3.6666666666666666e-05,5e-06,8.666666666666668e-06,4.666666666666667e-06,2.666666666666667e-06,2.4e-05,2.6000000000000002e-05,6.0333333333333334e-05,2e-06,4e-06,7.333333333333333e-06,4.266666666666667e-05,3.5333333333333336e-05,8.833333333333334e-05,8.000000000000001e-06,2.9333333333333333e-05,3e-06,5.933333333333334e-05,1e-06,5.333333333333334e-06,0.0,0.00031,3e-07
1751,4.033333333333333e-06,1.5e-05,1.41e-05,1.0066666666666668e-05,3.65e-05,5.1e-06,8.8e-06,4.7e-06,2.7e-06,2.38e-05,2.59e-05,6.01e-05,2.0666666666666666e-06,4.066666666666666e-06,7.4e-06,4.29e-05,3.5600000000000005e-05,8.850000000000001e-05,8.1e-06,2.9199999999999998e-05,3.066666666666667e-06,5.94e-05,1.0333333333333333e-06,5.4e-06,0.0,0.000311,3.1666666666666667e-07
1752,4.066666666666666e-06,1.5333333333333334e-05,1.42e-05,1.0133333333333333e-05,3.633333333333333e-05,5.2e-06,8.933333333333335e-06,4.7333333333333335e-06,2.733333333333333e-06,2.3599999999999998e-05,2.58e-05,5.986666666666667e-05,2.1333333333333334e-06,4.133333333333333e-06,7.466666666666667e-06,4.3133333333333336e-05,3.5866666666666667e-05,8.866666666666668e-05,8.2e-06,2.9066666666666664e-05,3.1333333333333335e-06,5.946666666666667e-05,1.0666666666666667e-06,5.466666666666666e-06,0.0,0.000312,3.333333333333333e-07
1753,4.1e-06,1.5666666666666667e-05,1.43e-05,1.02e-05,3.616666666666667e-05,5.3e-06,9.066666666666667e-06,4.766666666666667e-06,2.7666666666666667e-06,2.34e-05,2.57e-05,5.963333333333333e-05,2.2e-06,4.2e-06,7.533333333333333e-06,4.336666666666667e-05,3.6133333333333335e-05,8.883333333333334e-05,8.3e-06,2.8933333333333333e-05,3.2000000000000003e-06,5.9533333333333335e-05,1.1e-06,5.5333333333333334e-06,0.0,0.000313,3.5e-07
1754,4.133333333333333e-06,1.6000000000000003e-05,1.4400000000000001e-05,1.0266666666666668e-05,3.5999999999999994e-05,5.4e-06,9.2e-06,4.800000000000001e-06,2.8000000000000003e-06,2.3199999999999998e-05,2.5600000000000002e-05,5.94e-05,2.2666666666666664e-06,4.266666666666667e-06,7.6e-06,4.36e-05,3.6400000000000004e-05,8.900000000000001e-05,8.400000000000001e-06,2.88e-05,3.266666666666667e-06,5.96e-05,1.1333333333333332e-06,5.600000000000001e-06,0.0,0.000314,3.6666666666666667e-07
1755,4.166666666666667e-06,1.6333333333333335e-05,1.45e-05,1.0333333333333335e-05,3.583333333333333e-05,5.5e-06,9.333333333333334e-06,4.833333333333333e-06,2.8333333333333335e-06,2.3e-05,2.55e-05,5.9166666666666664e-05,2.333333333333333e-06,4.333333333333333e-06,7.666666666666667e-06,4.383333333333333e-05,3.666666666666667e-05,8.916666666666667e-05,8.5e-06,2.8666666666666664e-05,3.3333333333333333e-06,5.966666666666667e-05,1.1666666666666666e-06,5.666666666666667e-06,0.0,0.000315,3.833333333333333e-07
1756,4.2e-06,1.6666666666666667e-05,1.46e-05,1.04e-05,3.566666666666666e-05,5.600000000000001e-06,9.466666666666669e-06,4.866666666666667e-06,2.8666666666666666e-06,2.28e-05,2.54e-05,5.8933333333333334e-05,2.4e-06,4.4e-06,7.733333333333333e-06,4.406666666666667e-05,3.6933333333333334e-05,8.933333333333334e-05,8.6e-06,2.8533333333333333e-05,3.4e-06,5.973333333333333e-05,1.2e-06,5.733333333333333e-06,0.0,0.00031600000000000004,4e-07
1757,4.233333333333333e-06,1.7e-05,1.4700000000000002e-05,1.0466666666666668e-05,3.5499999999999996e-05,5.7000000000000005e-06,9.600000000000001e-06,4.9000000000000005e-06,2.9e-06,2.26e-05,2.5300000000000002e-05,5.8700000000000004e-05,2.4666666666666666e-06,4.4666666666666665e-06,7.8e-06,4.4300000000000006e-05,3.72e-05,8.950000000000001e-05,8.700000000000001e-06,2.84e-05,3.466666666666667e-06,5.9800000000000003e-05,1.2333333333333333e-06,5.8e-06,0.0,0.000317,4.1666666666666667e-07
1758,4.266666666666667e-06,1.7333333333333332e-05,1.48e-05,1.0533333333333335e-05,3.533333333333333e-05,5.8e-06,9.733333333333334e-06,4.933333333333334e-06,2.9333333333333333e-06,2.24e-05,2.5200000000000003e-05,5.846666666666667e-05,2.5333333333333334e-06,4.533333333333333e-06,7.866666666666667e-06,4.4533333333333336e-05,3.746666666666667e-05,8.966666666666667e-05,8.8e-06,2.8266666666666665e-05,3.5333333333333335e-06,5.986666666666667e-05,1.2666666666666667e-06,5.866666666666667e-06,0.0,0.00031800000000000003,4.3333333333333335e-07
1759,4.3e-06,1.7666666666666665e-05,1.49e-05,1.06e-05,3.516666666666666e-05,5.9e-06,9.866666666666668e-06,4.966666666666667e-06,2.9666666666666665e-06,2.2199999999999998e-05,2.51e-05,5.823333333333333e-05,2.5999999999999997e-06,4.6e-06,7.933333333333334e-06,4.4766666666666666e-05,3.7733333333333333e-05,8.983333333333334e-05,8.9e-06,2.813333333333333e-05,3.6000000000000003e-06,5.993333333333334e-05,1.2999999999999998e-06,5.933333333333333e-06,0.0,0.000319,4.5e-07
1760,4.333333333333333e-06,1.8e-05,1.5e-05,1.0666666666666667e-05,3.5e-05,6e-06,1e-05,5e-06,3e-06,2.2e-05,2.5e-05,5.8e-05,2.666666666666667e-06,4.666666666666666e-06,8e-06,4.5e-05,3.8e-05,9e-05,9e-06,2.8e-05,3.666666666666667e-06,6e-05,1.3333333333333334e-06,6e-06,0.0,0.00032,4.6666666666666666e-07
1761,4.366666666666667e-06,1.885e-05,1.515e-05,1.0733333333333334e-05,3.4649999999999995e-05,6.1e-06,1.025e-05,5.050000000000001e-06,3.1e-06,2.19e-05,2.485e-05,5.76e-05,2.733333333333333e-06,4.7333333333333335e-06,8.2e-06,4.525e-05,3.82e-05,9.025000000000001e-05,9.15e-06,2.785e-05,3.7333333333333337e-06,6.025e-05,1.3666666666666666e-06,6.2e-06,0.0,0.0003215,4.833333333333333e-07
1762,4.4e-06,1.97e-05,1.53e-05,1.08e-05,3.43e-05,6.2e-06,1.0500000000000001e-05,5.1e-06,3.2000000000000003e-06,2.18e-05,2.47e-05,5.72e-05,2.8e-06,4.8e-06,8.4e-06,4.55e-05,3.84e-05,9.05e-05,9.3e-06,2.77e-05,3.8e-06,6.05e-05,1.4e-06,6.4000000000000006e-06,0.0,0.00032300000000000004,5e-07
1763,4.433333333333334e-06,2.0549999999999998e-05,1.545e-05,1.0866666666666667e-05,3.395e-05,6.3e-06,1.075e-05,5.150000000000001e-06,3.3e-06,2.17e-05,2.455e-05,5.68e-05,2.8666666666666666e-06,4.866666666666667e-06,8.599999999999999e-06,4.575e-05,3.86e-05,9.075000000000001e-05,9.450000000000001e-06,2.755e-05,3.866666666666667e-06,6.075e-05,1.4333333333333333e-06,6.6e-06,0.0,0.00032450000000000003,5.166666666666667e-07
1764,4.4666666666666665e-06,2.14e-05,1.56e-05,1.0933333333333334e-05,3.36e-05,6.4e-06,1.1000000000000001e-05,5.2e-06,3.4e-06,2.16e-05,2.44e-05,5.64e-05,2.9333333333333333e-06,4.933333333333333e-06,8.8e-06,4.6e-05,3.88e-05,9.1e-05,9.6e-06,2.74e-05,3.9333333333333335e-06,6.1e-05,1.4666666666666667e-06,6.8e-06,0.0,0.000326,5.333333333333333e-07
1765,4.5e-06,2.225e-05,1.575e-05,1.1e-05,3.3249999999999995e-05,6.5000000000000004e-06,1.125e-05,5.2500000000000006e-06,3.5000000000000004e-06,2.15e-05,2.425e-05,5.6e-05,3e-06,4.9999999999999996e-06,9e-06,4.625e-05,3.9e-05,9.125000000000001e-05,9.75e-06,2.7249999999999998e-05,4.000000000000001e-06,6.125e-05,1.5e-06,7.000000000000001e-06,0.0,0.0003275,5.5e-07
1766,4.533333333333334e-06,2.31e-05,1.59e-05,1.1066666666666667e-05,3.29e-05,6.5999999999999995e-06,1.1500000000000002e-05,5.3e-06,3.6000000000000003e-06,2.14e-05,2.41e-05,5.56e-05,3.0666666666666664e-06,5.066666666666667e-06,9.2e-06,4.6500000000000005e-05,3.9200000000000004e-05,9.15e-05,9.9e-06,2.71e-05,4.066666666666667e-06,6.15e-05,1.5333333333333332e-06,7.2000000000000005e-06,0.0,0.00032900000000000003,5.666666666666666e-07
1767,4.5666666666666664e-06,2.395e-05,1.605e-05,1.1133333333333334e-05,3.255e-05,6.7e-06,1.1750000000000001e-05,5.3500000000000004e-06,3.7e-06,2.13e-05,2.395e-05,5.52e-05,3.1333333333333335e-06,5.133333333333334e-06,9.4e-06,4.6750000000000005e-05,3.94e-05,9.175000000000001e-05,1.005e-05,2.695e-05,4.133333333333333e-06,6.175e-05,1.5666666666666668e-06,7.4e-06,0.0,0.0003305,5.833333333333334e-07
1768,4.6e-06,2.48e-05,1.62e-05,1.1200000000000001e-05,3.22e-05,6.8e-06,1.2e-05,5.4e-06,3.8e-06,2.12e-05,2.38e-05,5.4800000000000004e-05,3.2e-06,5.2e-06,9.6e-06,4.7000000000000004e-05,3.96e-05,9.2e-05,1.02e-05,2.68e-05,4.2000000000000004e-06,6.2e-05,1.6e-06,7.6e-06,0.0,0.000332,6e-07
1769,4.633333333333334e-06,2.565e-05,1.635e-05,1.1266666666666667e-05,3.1849999999999995e-05,6.9e-06,1.2250000000000001e-05,5.45e-06,3.9e-06,2.11e-05,2.365e-05,5.44e-05,3.2666666666666666e-06,5.2666666666666665e-06,9.8e-06,4.725e-05,3.98e-05,9.225e-05,1.0350000000000001e-05,2.665e-05,4.266666666666667e-06,6.225e-05,1.6333333333333333e-06,7.8e-06,0.0,0.00033350000000000003,6.166666666666667e-07
1770,4.666666666666667e-06,2.65e-05,1.65e-05,1.1333333333333334e-05,3.15e-05,7e-06,1.25e-05,5.5e-06,4.000000000000001e-06,2.1000000000000002e-05,2.3500000000000002e-05,5.4e-05,3.3333333333333333e-06,5.333333333333334e-06,9.999999999999999e-06,4.75e-05,3.9999999999999996e-05,9.25e-05,1.0500000000000001e-05,2.65e-05,4.333333333333334e-06,6.25e-05,1.6666666666666667e-06,8.000000000000001e-06,0.0,0.000335,6.333333333333333e-07
1771,4.7e-06,2.735e-05,1.665e-05,1.1400000000000001e-05,3.115e-05,7.1e-06,1.2750000000000002e-05,5.55e-06,4.1000000000000006e-06,2.09e-05,2.335e-05,5.36e-05,3.3999999999999996e-06,5.4e-06,1.02e-05,4.775e-05,4.02e-05,9.275e-05,1.065e-05,2.635e-05,4.4e-06,6.275e-05,1.6999999999999998e-06,8.200000000000001e-06,0.0,0.0003365,6.499999999999999e-07
1772,4.7333333333333335e-06,2.8199999999999998e-05,1.6800000000000002e-05,1.1466666666666666e-05,3.0799999999999996e-05,7.2e-06,1.3000000000000001e-05,5.600000000000001e-06,4.2000000000000004e-06,2.08e-05,2.32e-05,5.3200000000000006e-05,3.466666666666667e-06,5.466666666666666e-06,1.04e-05,4.8e-05,4.04e-05,9.300000000000001e-05,1.08e-05,2.62e-05,4.466666666666667e-06,6.3e-05,1.7333333333333334e-06,8.400000000000001e-06,0.0,0.00033800000000000003,6.666666666666667e-07
1773,4.766666666666667e-06,2.9049999999999998e-05,1.695e-05,1.1533333333333334e-05,3.0449999999999998e-05,7.2999999999999996e-06,1.325e-05,5.65e-06,4.3e-06,2.0700000000000002e-05,2.305e-05,5.28e-05,3.533333333333333e-06,5.5333333333333334e-06,1.06e-05,4.825e-05,4.06e-05,9.325e-05,1.095e-05,2.605e-05,4.533333333333334e-06,6.324999999999999e-05,1.7666666666666666e-06,8.6e-06,0.0,0.0003395,6.833333333333333e-07
1774,4.800000000000001e-06,2.99e-05,1.71e-05,1.16e-05,3.01e-05,7.3999999999999995e-06,1.3500000000000001e-05,5.7000000000000005e-06,4.4e-06,2.06e-05,2.29e-05,5.24e-05,3.6e-06,5.600000000000001e-06,1.08e-05,4.85e-05,4.08e-05,9.350000000000001e-05,1.11e-05,2.59e-05,4.6e-06,6.35e-05,1.8e-06,8.8e-06,0.0,0.000341,7e-07
1775,4.833333333333333e-06,3.0749999999999995e-05,1.725e-05,1.1666666666666668e-05,2.9749999999999998e-05,7.499999999999999e-06,1.375e-05,5.75e-06,4.5e-06,2.05e-05,2.275e-05,5.2000000000000004e-05,3.6666666666666666e-06,5.666666666666667e-06,1.1e-05,4.8750000000000006e-05,4.1e-05,9.375e-05,1.125e-05,2.5750000000000002e-05,4.666666666666667e-06,6.374999999999999e-05,1.8333333333333333e-06,9e-06,0.0,0.00034250000000000003,7.166666666666667e-07
1776,4.866666666666667e-06,3.1599999999999996e-05,1.74e-05,1.1733333333333333e-05,2.94e-05,7.6e-06,1.4000000000000001e-05,5.8e-06,4.6e-06,2.04e-05,2.26e-05,5.16e-05,3.7333333333333333e-06,5.733333333333333e-06,1.1200000000000001e-05,4.9000000000000005e-05,4.12e-05,9.400000000000001e-05,1.14e-05,2.5600000000000002e-05,4.733333333333334e-06,6.4e-05,1.8666666666666667e-06,9.2e-06,0.0,0.000344,7.333333333333333e-07
1777,4.9000000000000005e-06,3.2449999999999996e-05,1.755e-05,1.18e-05,2.9049999999999998e-05,7.699999999999999e-06,1.425e-05,5.85e-06,4.700000000000001e-06,2.0300000000000002e-05,2.245e-05,5.1200000000000004e-05,3.8e-06,5.8e-06,1.1400000000000001e-05,4.9250000000000004e-05,4.14e-05,9.425e-05,1.155e-05,2.5450000000000002e-05,4.800000000000001e-06,6.424999999999999e-05,1.9e-06,9.400000000000001e-06,0.0,0.0003455,7.5e-07
1778,4.933333333333334e-06,3.3299999999999996e-05,1.77e-05,1.1866666666666668e-05,2.87e-05,7.8e-06,1.45e-05,5.9e-06,4.800000000000001e-06,2.0200000000000003e-05,2.23e-05,5.08e-05,3.866666666666666e-06,5.866666666666667e-06,1.16e-05,4.9500000000000004e-05,4.1599999999999995e-05,9.45e-05,1.17e-05,2.5300000000000002e-05,4.866666666666667e-06,6.45e-05,1.933333333333333e-06,9.600000000000001e-06,0.0,0.000347,7.666666666666666e-07
1779,4.966666666666667e-06,3.4149999999999997e-05,1.785e-05,1.1933333333333333e-05,2.8349999999999998e-05,7.899999999999999e-06,1.475e-05,5.95e-06,4.9000000000000005e-06,2.01e-05,2.215e-05,5.0400000000000005e-05,3.9333333333333335e-06,5.933333333333333e-06,1.18e-05,4.975e-05,4.18e-05,9.475e-05,1.185e-05,2.515e-05,4.933333333333334e-06,6.474999999999999e-05,1.9666666666666668e-06,9.800000000000001e-06,0.0,0.0003485,7.833333333333333e-07
1780,5e-06,3.5e-05,1.8e-05,1.2e-05,2.8e-05,8e-06,1.5e-05,6e-06,5e-06,2e-05,2.2e-05,5e-05,4e-06,6e-06,1.2e-05,5e-05,4.2e-05,9.5e-05,1.2e-05,2.5e-05,5e-06,6.5e-05,2e-06,1e-05,0.0,0.00035,8e-07
1781,5.050000000000001e-06,3.7e-05,1.835e-05,1.215e-05,2.77e-05,8.2e-06,1.55e-05,6.1e-06,5.2500000000000006e-06,1.9900000000000003e-05,2.1799999999999998e-05,4.96e-05,4.2e-06,6.2e-06,1.23e-05,5.025e-05,4.1899999999999995e-05,9.525000000000001e-05,1.22e-05,2.485e-05,5.150000000000001e-06,6.515e-05,2.05e-06,1.075e-05,0.0,0.000351,8.599999999999999e-07
1782,5.1e-06,3.9e-05,1.87e-05,1.23e-05,2.74e-05,8.4e-06,1.6e-05,6.2e-06,5.500000000000001e-06,1.98e-05,2.16e-05,4.92e-05,4.4e-06,6.4000000000000006e-06,1.26e-05,5.05e-05,4.18e-05,9.55e-05,1.24e-05,2.47e-05,5.3e-06,6.529999999999999e-05,2.1e-06,1.1500000000000002e-05,0.0,0.000352,9.2e-07
1783,5.150000000000001e-06,4.1e-05,1.9050000000000002e-05,1.2450000000000001e-05,2.7099999999999998e-05,8.599999999999999e-06,1.65e-05,6.3e-06,5.750000000000001e-06,1.97e-05,2.14e-05,4.88e-05,4.6e-06,6.6e-06,1.29e-05,5.075e-05,4.17e-05,9.575000000000001e-05,1.26e-05,2.455e-05,5.45e-06,6.544999999999999e-05,2.1499999999999997e-06,1.2250000000000001e-05,0.0,0.000353,9.8e-07
1784,5.2e-06,4.3e-05,1.94e-05,1.26e-05,2.68e-05,8.8e-06,1.7e-05,6.4e-06,6e-06,1.9600000000000002e-05,2.12e-05,4.8400000000000004e-05,4.8e-06,6.8e-06,1.32e-05,5.1e-05,4.16e-05,9.6e-05,1.28e-05,2.44e-05,5.600000000000001e-06,6.56e-05,2.2e-06,1.3000000000000001e-05,0.0,0.000354,1.04e-06
1785,5.2500000000000006e-06,4.4999999999999996e-05,1.975e-05,1.275e-05,2.65e-05,9e-06,1.7500000000000002e-05,6.5000000000000004e-06,6.250000000000001e-06,1.95e-05,2.1e-05,4.8e-05,4.9999999999999996e-06,7.000000000000001e-06,1.35e-05,5.125e-05,4.15e-05,9.625000000000001e-05,1.3000000000000001e-05,2.425e-05,5.75e-06,6.575e-05,2.25e-06,1.375e-05,0.0,0.000355,1.1e-06
1786,5.3e-06,4.7e-05,2.01e-05,1.29e-05,2.62e-05,9.2e-06,1.8e-05,6.5999999999999995e-06,6.5000000000000004e-06,1.94e-05,2.08e-05,4.76e-05,5.199999999999999e-06,7.2000000000000005e-06,1.38e-05,5.1500000000000005e-05,4.14e-05,9.65e-05,1.3199999999999999e-05,2.41e-05,5.9e-06,6.59e-05,2.3e-06,1.45e-05,0.0,0.000356,1.16e-06
1787,5.3500000000000004e-06,4.9e-05,2.0450000000000002e-05,1.305e-05,2.59e-05,9.4e-06,1.8500000000000002e-05,6.7e-06,6.750000000000001e-06,1.93e-05,2.06e-05,4.72e-05,5.4e-06,7.4e-06,1.41e-05,5.1750000000000004e-05,4.13e-05,9.675000000000001e-05,1.34e-05,2.395e-05,6.05e-06,6.604999999999999e-05,2.35e-06,1.5250000000000001e-05,0.0,0.000357,1.22e-06
1788,5.4e-06,5.1e-05,2.08e-05,1.32e-05,2.56e-05,9.6e-06,1.9e-05,6.8e-06,7.000000000000001e-06,1.9200000000000003e-05,2.04e-05,4.68e-05,5.6e-06,7.6e-06,1.4400000000000001e-05,5.2000000000000004e-05,4.12e-05,9.7e-05,1.36e-05,2.38e-05,6.2e-06,6.62e-05,2.4e-06,1.6000000000000003e-05,0.0,0.000358,1.28e-06
1789,5.45e-06,5.3e-05,2.115e-05,1.3350000000000001e-05,2.53e-05,9.8e-06,1.95e-05,6.9e-06,7.250000000000001e-06,1.91e-05,2.02e-05,4.64e-05,5.7999999999999995e-06,7.8e-06,1.47e-05,5.225e-05,4.11e-05,9.725e-05,1.38e-05,2.365e-05,6.35e-06,6.635e-05,2.45e-06,1.675e-05,0.0,0.000359,1.3399999999999999e-06
1790,5.5e-06,5.5e-05,2.15e-05,1.35e-05,2.4999999999999998e-05,9.999999999999999e-06,2e-05,7e-06,7.500000000000001e-06,1.9e-05,1.9999999999999998e-05,4.6e-05,6e-06,8.000000000000001e-06,1.5e-05,5.25e-05,4.1e-05,9.750000000000001e-05,1.4e-05,2.3500000000000002e-05,6.5000000000000004e-06,6.649999999999999e-05,2.4999999999999998e-06,1.7500000000000002e-05,0.0,0.00035999999999999997,1.4e-06
1791,5.55e-06,5.55e-05,2.1850000000000003e-05,1.365e-05,2.47e-05,1.02e-05,2.05e-05,7.1e-06,7.75e-06,1.8900000000000002e-05,1.98e-05,4.56e-05,6.2e-06,8.200000000000001e-06,1.53e-05,5.275e-05,4.09e-05,9.775e-05,1.42e-05,2.335e-05,6.65e-06,6.665e-05,2.55e-06,1.8250000000000003e-05,0.0,0.000361,1.46e-06
1792,5.600000000000001e-06,5.6e-05,2.22e-05,1.38e-05,2.44e-05,1.04e-05,2.1000000000000002e-05,7.2e-06,8.000000000000001e-06,1.88e-05,1.9600000000000002e-05,4.52e-05,6.4e-06,8.400000000000001e-06,1.56e-05,5.3e-05,4.08e-05,9.800000000000001e-05,1.44e-05,2.32e-05,6.8e-06,6.68e-05,2.6e-06,1.9e-05,0.0,0.000362,1.5199999999999998e-06
1793,5.65e-06,5.6500000000000005e-05,2.255e-05,1.395e-05,2.41e-05,1.06e-05,2.15e-05,7.2999999999999996e-06,8.25e-06,1.87e-05,1.94e-05,4.48e-05,6.5999999999999995e-06,8.6e-06,1.59e-05,5.325e-05,4.07e-05,9.825e-05,1.4599999999999999e-05,2.305e-05,6.9499999999999995e-06,6.695e-05,2.65e-06,1.975e-05,0.0,0.000363,1.58e-06
1794,5.7000000000000005e-06,5.7e-05,2.29e-05,1.41e-05,2.38e-05,1.08e-05,2.2e-05,7.3999999999999995e-06,8.5e-06,1.86e-05,1.92e-05,4.44e-05,6.799999999999999e-06,8.8e-06,1.62e-05,5.35e-05,4.0600000000000004e-05,9.850000000000001e-05,1.4799999999999999e-05,2.29e-05,7.1e-06,6.71e-05,2.7e-06,2.0500000000000004e-05,0.0,0.000364,1.64e-06
1795,5.75e-06,5.75e-05,2.3250000000000003e-05,1.425e-05,2.35e-05,1.1e-05,2.25e-05,7.499999999999999e-06,8.750000000000001e-06,1.8500000000000002e-05,1.9e-05,4.4e-05,7e-06,9e-06,1.65e-05,5.3750000000000005e-05,4.05e-05,9.875e-05,1.4999999999999999e-05,2.275e-05,7.25e-06,6.725e-05,2.75e-06,2.125e-05,0.0,0.000365,1.6999999999999998e-06
1796,5.8e-06,5.8e-05,2.36e-05,1.4400000000000001e-05,2.32e-05,1.1200000000000001e-05,2.3000000000000003e-05,7.6e-06,9.000000000000002e-06,1.84e-05,1.88e-05,4.3599999999999996e-05,7.2e-06,9.2e-06,1.6800000000000002e-05,5.4000000000000005e-05,4.04e-05,9.900000000000001e-05,1.52e-05,2.26e-05,7.4e-06,6.74e-05,2.8000000000000003e-06,2.2e-05,0.0,0.000366,1.7599999999999999e-06
1797,5.85e-06,5.85e-05,2.395e-05,1.455e-05,2.29e-05,1.1400000000000001e-05,2.3500000000000002e-05,7.699999999999999e-06,9.250000000000001e-06,1.83e-05,1.86e-05,4.32e-05,7.3999999999999995e-06,9.400000000000001e-06,1.71e-05,5.4250000000000004e-05,4.0300000000000004e-05,9.925e-05,1.5399999999999998e-05,2.245e-05,7.55e-06,6.755e-05,2.8500000000000002e-06,2.275e-05,0.0,0.000367,1.82e-06
1798,5.9e-06,5.9000000000000004e-05,2.43e-05,1.47e-05,2.26e-05,1.16e-05,2.4e-05,7.8e-06,9.5e-06,1.8200000000000002e-05,1.84e-05,4.28e-05,7.6e-06,9.600000000000001e-06,1.74e-05,5.45e-05,4.02e-05,9.95e-05,1.56e-05,2.23e-05,7.7e-06,6.769999999999999e-05,2.9e-06,2.3500000000000002e-05,0.0,0.000368,1.8799999999999998e-06
1799,5.95e-06,5.95e-05,2.4650000000000003e-05,1.485e-05,2.23e-05,1.18e-05,2.4500000000000003e-05,7.899999999999999e-06,9.750000000000002e-06,1.81e-05,1.8200000000000002e-05,4.24e-05,7.8e-06,9.800000000000001e-06,1.77e-05,5.475e-05,4.0100000000000006e-05,9.975e-05,1.5799999999999998e-05,2.215e-05,7.85e-06,6.785e-05,2.95e-06,2.425e-05,0.0,0.00036899999999999997,1.94e-06
1800,6e-06,6e-05,2.5e-05,1.5e-05,2.2e-05,1.2e-05,2.5e-05,8e-06,1e-05,1.8e-05,1.8e-05,4.2e-05,8e-06,1e-05,1.8e-05,5.5e-05,4e-05,0.0001,1.6e-05,2.2e-05,8e-06,6.8e-05,3e-06,2.5e-05,0.0,0.00037,2e-06
1801,5.95e-06,5.9800000000000003e-05,2.55e-05,1.4950000000000001e-05,2.1799999999999998e-05,1.215e-05,2.565e-05,8.2e-06,1.0500000000000001e-05,1.79e-05,1.79e-05,4.1649999999999996e-05,8.2e-06,1.02e-05,1.85e-05,5.465e-05,3.9750000000000004e-05,0.0001005,1.61e-05,2.19e-05,8.2e-06,6.785e-05,3.05e-06,2.65e-05,3.3333333333333334e-08,0.0003705,2.05e-06
1802,5.9e-06,5.96e-05,2.6000000000000002e-05,1.49e-05,2.16e-05,1.23e-05,2.6300000000000002e-05,8.4e-06,1.1000000000000001e-05,1.78e-05,1.78e-05,4.13e-05,8.4e-06,1.04e-05,1.9e-05,5.4300000000000005e-05,3.9500000000000005e-05,0.000101,1.62e-05,2.18e-05,8.4e-06,6.769999999999999e-05,3.1e-06,2.8000000000000003e-05,6.666666666666667e-08,0.000371,2.1e-06
1803,5.85e-06,5.94e-05,2.65e-05,1.485e-05,2.14e-05,1.2450000000000001e-05,2.695e-05,8.599999999999999e-06,1.1500000000000002e-05,1.77e-05,1.77e-05,4.095e-05,8.599999999999999e-06,1.06e-05,1.95e-05,5.3950000000000004e-05,3.9250000000000005e-05,0.0001015,1.63e-05,2.17e-05,8.599999999999999e-06,6.755e-05,3.15e-06,2.9500000000000002e-05,1e-07,0.0003715,2.1499999999999997e-06
1804,5.8e-06,5.92e-05,2.7e-05,1.48e-05,2.12e-05,1.26e-05,2.76e-05,8.8e-06,1.2e-05,1.76e-05,1.76e-05,4.06e-05,8.8e-06,1.08e-05,2e-05,5.36e-05,3.9e-05,0.000102,1.64e-05,2.16e-05,8.8e-06,6.74e-05,3.2e-06,3.1e-05,1.3333333333333334e-07,0.000372,2.2e-06
1805,5.75e-06,5.9e-05,2.75e-05,1.475e-05,2.1e-05,1.275e-05,2.8250000000000002e-05,9e-06,1.2500000000000002e-05,1.75e-05,1.75e-05,4.0249999999999996e-05,9e-06,1.1e-05,2.05e-05,5.325e-05,3.875e-05,0.0001025,1.65e-05,2.15e-05,9e-06,6.725e-05,3.2500000000000002e-06,3.2500000000000004e-05,1.6666666666666668e-07,0.0003725,2.25e-06
1806,5.7000000000000005e-06,5.88e-05,2.8e-05,1.47e-05,2.08e-05,1.29e-05,2.89e-05,9.2e-06,1.3000000000000001e-05,1.74e-05,1.74e-05,3.9899999999999994e-05,9.2e-06,1.1200000000000001e-05,2.1000000000000002e-05,5.29e-05,3.85e-05,0.00010300000000000001,1.66e-05,2.14e-05,9.2e-06,6.71e-05,3.2999999999999997e-06,3.4e-05,2e-07,0.000373,2.3e-06
1807,5.65e-06,5.86e-05,2.8499999999999998e-05,1.465e-05,2.06e-05,1.305e-05,2.955e-05,9.4e-06,1.3500000000000001e-05,1.73e-05,1.73e-05,3.955e-05,9.4e-06,1.1400000000000001e-05,2.15e-05,5.2550000000000003e-05,3.825e-05,0.00010350000000000001,1.67e-05,2.13e-05,9.4e-06,6.695e-05,3.35e-06,3.55e-05,2.3333333333333333e-07,0.0003735,2.35e-06
1808,5.600000000000001e-06,5.84e-05,2.9e-05,1.46e-05,2.04e-05,1.32e-05,3.0200000000000002e-05,9.6e-06,1.4000000000000001e-05,1.72e-05,1.72e-05,3.92e-05,9.6e-06,1.16e-05,2.2e-05,5.22e-05,3.8e-05,0.00010400000000000001,1.68e-05,2.12e-05,9.6e-06,6.68e-05,3.4e-06,3.7000000000000005e-05,2.6666666666666667e-07,0.000374,2.4e-06
1809,5.55e-06,5.82e-05,2.95e-05,1.455e-05,2.02e-05,1.3350000000000001e-05,3.0850000000000004e-05,9.8e-06,1.4500000000000002e-05,1.71e-05,1.71e-05,3.8849999999999996e-05,9.8e-06,1.18e-05,2.25e-05,5.185e-05,3.775e-05,0.0001045,1.69e-05,2.11e-05,9.8e-06,6.665e-05,3.45e-06,3.85e-05,3e-07,0.0003745,2.45e-06
1810,5.5e-06,5.8e-05,2.9999999999999997e-05,1.45e-05,1.9999999999999998e-05,1.35e-05,3.15e-05,9.999999999999999e-06,1.5000000000000002e-05,1.7e-05,1.7e-05,3.85e-05,9.999999999999999e-06,1.2e-05,2.3e-05,5.1500000000000005e-05,3.7500000000000003e-05,0.000105,1.7e-05,2.1000000000000002e-05,9.999999999999999e-06,6.649999999999999e-05,3.5e-06,4e-05,3.3333333333333335e-07,0.000375,2.4999999999999998e-06
1811,5.45e-06,5.74e-05,3.05e-05,1.445e-05,1.98e-05,1.365e-05,3.215e-05,1.02e-05,1.55e-05,1.69e-05,1.69e-05,3.815e-05,1.02e-05,1.22e-05,2.3500000000000002e-05,5.115e-05,3.725e-05,0.0001055,1.71e-05,2.09e-05,1.02e-05,6.635e-05,3.55e-06,4.2000000000000004e-05,3.6666666666666667e-07,0.0003755,2.55e-06
1812,5.400000000000001e-06,5.68e-05,3.0999999999999995e-05,1.44e-05,1.9600000000000002e-05,1.38e-05,3.28e-05,1.04e-05,1.6000000000000003e-05,1.68e-05,1.68e-05,3.78e-05,1.04e-05,1.24e-05,2.4e-05,5.08e-05,3.7e-05,0.000106,1.72e-05,2.08e-05,1.04e-05,6.62e-05,3.6e-06,4.4000000000000006e-05,4e-07,0.00037600000000000003,2.6e-06
1813,5.3500000000000004e-06,5.62e-05,3.15e-05,1.435e-05,1.94e-05,1.395e-05,3.345e-05,1.06e-05,1.65e-05,1.67e-05,1.67e-05,3.7449999999999995e-05,1.06e-05,1.26e-05,2.45e-05,5.045e-05,3.675e-05,0.0001065,1.73e-05,2.0700000000000002e-05,1.06e-05,6.604999999999999e-05,3.6499999999999998e-06,4.600000000000001e-05,4.3333333333333335e-07,0.0003765,2.65e-06
1814,5.3e-06,5.5599999999999996e-05,3.2e-05,1.43e-05,1.92e-05,1.41e-05,3.41e-05,1.08e-05,1.7e-05,1.66e-05,1.66e-05,3.7099999999999994e-05,1.08e-05,1.28e-05,2.5e-05,5.01e-05,3.65e-05,0.000107,1.74e-05,2.06e-05,1.08e-05,6.59e-05,3.6999999999999997e-06,4.8e-05,4.6666666666666666e-07,0.000377,2.7e-06
1815,5.2500000000000006e-06,5.4999999999999995e-05,3.25e-05,1.425e-05,1.9e-05,1.425e-05,3.4750000000000004e-05,1.1e-05,1.7500000000000002e-05,1.65e-05,1.65e-05,3.675e-05,1.1e-05,1.3000000000000001e-05,2.55e-05,4.975e-05,3.625e-05,0.00010750000000000001,1.75e-05,2.05e-05,1.1e-05,6.575e-05,3.7499999999999997e-06,5e-05,5e-07,0.0003775,2.75e-06
1816,5.2e-06,5.44e-05,3.2999999999999996e-05,1.42e-05,1.88e-05,1.4400000000000001e-05,3.54e-05,1.1200000000000001e-05,1.8000000000000004e-05,1.64e-05,1.64e-05,3.64e-05,1.1200000000000001e-05,1.3199999999999999e-05,2.6000000000000002e-05,4.94e-05,3.6e-05,0.00010800000000000001,1.76e-05,2.04e-05,1.1200000000000001e-05,6.56e-05,3.8e-06,5.2000000000000004e-05,5.333333333333333e-07,0.000378,2.8000000000000003e-06
1817,5.150000000000001e-06,5.38e-05,3.35e-05,1.415e-05,1.86e-05,1.455e-05,3.605e-05,1.1400000000000001e-05,1.8500000000000002e-05,1.63e-05,1.63e-05,3.6049999999999995e-05,1.1400000000000001e-05,1.34e-05,2.65e-05,4.905e-05,3.575e-05,0.00010850000000000001,1.77e-05,2.0300000000000002e-05,1.1400000000000001e-05,6.544999999999999e-05,3.8499999999999996e-06,5.4000000000000005e-05,5.666666666666667e-07,0.00037850000000000004,2.8500000000000002e-06
1818,5.1e-06,5.32e-05,3.4e-05,1.41e-05,1.84e-05,1.47e-05,3.67e-05,1.16e-05,1.9e-05,1.62e-05,1.62e-05,3.57e-05,1.16e-05,1.36e-05,2.7e-05,4.8700000000000005e-05,3.5499999999999996e-05,0.000109,1.78e-05,2.0200000000000003e-05,1.16e-05,6.529999999999999e-05,3.9e-06,5.6000000000000006e-05,6e-07,0.000379,2.9e-06
1819,5.050000000000001e-06,5.26e-05,3.45e-05,1.405e-05,1.8200000000000002e-05,1.485e-05,3.735e-05,1.18e-05,1.9500000000000003e-05,1.61e-05,1.61e-05,3.535e-05,1.18e-05,1.38e-05,2.7499999999999998e-05,4.835e-05,3.5249999999999996e-05,0.0001095,1.79e-05,2.01e-05,1.18e-05,6.515e-05,3.9499999999999995e-06,5.8e-05,6.333333333333333e-07,0.0003795,2.95e-06
1820,5e-06,5.2e-05,3.5e-05,1.4e-05,1.8e-05,1.5e-05,3.8e-05,1.2e-05,2e-05,1.6e-05,1.6e-05,3.5e-05,1.2e-05,1.4e-05,2.8e-05,4.8e-05,3.5e-05,0.00011,1.8e-05,2e-05,1.2e-05,6.5e-05,4e-06,6e-05,6.666666666666667e-07,0.00038,3e-06
1821,5e-06,5.13e-05,3.5999999999999994e-05,1.395e-05,1.785e-05,1.515e-05,3.9e-05,1.24e-05,2.1000000000000002e-05,1.5949999999999998e-05,1.5949999999999998e-05,3.475e-05,1.22e-05,1.42e-05,2.87e-05,4.77e-05,3.475e-05,0.00011025000000000001,1.81e-05,2.01e-05,1.22e-05,6.474999999999999e-05,4.2e-06,6.2e-05,7e-07,0.000379,2.95e-06
1822,5e-06,5.06e-05,3.7e-05,1.3899999999999999e-05,1.77e-05,1.53e-05,4e-05,1.28e-05,2.2000000000000003e-05,1.59e-05,1.59e-05,3.45e-05,1.24e-05,1.44e-05,2.94e-05,4.74e-05,3.45e-05,0.0001105,1.8200000000000002e-05,2.0200000000000003e-05,1.24e-05,6.45e-05,4.4e-06,6.4e-05,7.333333333333333e-07,0.000378,2.9e-06
1823,5e-06,4.99e-05,3.8e-05,1.385e-05,1.755e-05,1.545e-05,4.1e-05,1.3199999999999999e-05,2.3000000000000003e-05,1.585e-05,1.585e-05,3.425e-05,1.26e-05,1.4599999999999999e-05,3.01e-05,4.71e-05,3.425e-05,0.00011075000000000001,1.83e-05,2.0300000000000002e-05,1.26e-05,6.424999999999999e-05,4.6e-06,6.6e-05,7.666666666666667e-07,0.000377,2.85e-06
1824,5e-06,4.9199999999999997e-05,3.9e-05,1.38e-05,1.74e-05,1.56e-05,4.2000000000000004e-05,1.36e-05,2.4e-05,1.5799999999999998e-05,1.5799999999999998e-05,3.4e-05,1.28e-05,1.48e-05,3.0799999999999996e-05,4.68e-05,3.4e-05,0.000111,1.84e-05,2.04e-05,1.28e-05,6.4e-05,4.8e-06,6.8e-05,8e-07,0.00037600000000000003,2.8e-06
1825,5e-06,4.85e-05,3.9999999999999996e-05,1.3749999999999999e-05,1.725e-05,1.575e-05,4.3e-05,1.4e-05,2.5e-05,1.575e-05,1.575e-05,3.375e-05,1.3000000000000001e-05,1.5e-05,3.15e-05,4.65e-05,3.375e-05,0.00011125000000000001,1.8500000000000002e-05,2.05e-05,1.3000000000000001e-05,6.374999999999999e-05,4.9999999999999996e-06,7.000000000000001e-05,8.333333333333333e-07,0.000375,2.75e-06
1826,5e-06,4.7799999999999996e-05,4.1e-05,1.37e-05,1.71e-05,1.59e-05,4.4e-05,1.44e-05,2.6000000000000002e-05,1.57e-05,1.57e-05,3.35e-05,1.3199999999999999e-05,1.52e-05,3.22e-05,4.62e-05,3.35e-05,0.0001115,1.86e-05,2.06e-05,1.3199999999999999e-05,6.35e-05,5.199999999999999e-06,7.2e-05,8.666666666666667e-07,0.00037400000000000004,2.7e-06
1827,5e-06,4.71e-05,4.2000000000000004e-05,1.365e-05,1.6950000000000002e-05,1.605e-05,4.5e-05,1.4799999999999999e-05,2.7000000000000002e-05,1.565e-05,1.565e-05,3.3249999999999995e-05,1.34e-05,1.54e-05,3.29e-05,4.59e-05,3.3249999999999995e-05,0.00011175,1.87e-05,2.0700000000000002e-05,1.34e-05,6.324999999999999e-05,5.4e-06,7.400000000000001e-05,9.000000000000001e-07,0.000373,2.65e-06
1828,5e-06,4.64e-05,4.3e-05,1.36e-05,1.6800000000000002e-05,1.62e-05,4.6e-05,1.52e-05,2.8000000000000003e-05,1.56e-05,1.56e-05,3.2999999999999996e-05,1.36e-05,1.56e-05,3.36e-05,4.56e-05,3.2999999999999996e-05,0.000112,1.88e-05,2.08e-05,1.36e-05,6.3e-05,5.6e-06,7.6e-05,9.333333333333333e-07,0.00037200000000000004,2.6e-06
1829,5e-06,4.57e-05,4.4e-05,1.3549999999999999e-05,1.665e-05,1.635e-05,4.7000000000000004e-05,1.56e-05,2.9e-05,1.555e-05,1.555e-05,3.2749999999999996e-05,1.38e-05,1.58e-05,3.43e-05,4.5299999999999997e-05,3.2749999999999996e-05,0.00011225,1.8900000000000002e-05,2.09e-05,1.38e-05,6.275e-05,5.7999999999999995e-06,7.8e-05,9.666666666666666e-07,0.000371,2.55e-06
1830,5e-06,4.5e-05,4.5e-05,1.35e-05,1.65e-05,1.65e-05,4.8e-05,1.6e-05,3e-05,1.55e-05,1.55e-05,3.25e-05,1.4e-05,1.6e-05,3.5e-05,4.4999999999999996e-05,3.25e-05,0.0001125,1.9e-05,2.1000000000000002e-05,1.4e-05,6.25e-05,6e-06,8e-05,1e-06,0.00037,2.4999999999999998e-06
1831,5e-06,4.4500000000000004e-05,4.6e-05,1.345e-05,1.635e-05,1.665e-05,4.9e-05,1.66e-05,3.08e-05,1.545e-05,1.545e-05,3.225e-05,1.42e-05,1.62e-05,3.57e-05,4.47e-05,3.225e-05,0.00011275,1.91e-05,2.11e-05,1.42e-05,6.225e-05,6.2e-06,8.2e-05,1.2e-06,0.000369,2.45e-06
1832,5e-06,4.4000000000000006e-05,4.7000000000000004e-05,1.3399999999999999e-05,1.62e-05,1.6800000000000002e-05,5e-05,1.7199999999999998e-05,3.16e-05,1.54e-05,1.54e-05,3.2e-05,1.44e-05,1.64e-05,3.64e-05,4.44e-05,3.2e-05,0.00011300000000000001,1.9200000000000003e-05,2.12e-05,1.44e-05,6.2e-05,6.4e-06,8.400000000000001e-05,1.4000000000000001e-06,0.000368,2.4e-06
1833,5e-06,4.35e-05,4.8e-05,1.335e-05,1.605e-05,1.695e-05,5.1e-05,1.78e-05,3.24e-05,1.535e-05,1.535e-05,3.175e-05,1.4599999999999999e-05,1.66e-05,3.7099999999999994e-05,4.41e-05,3.175e-05,0.00011325,1.93e-05,2.13e-05,1.4599999999999999e-05,6.175e-05,6.5999999999999995e-06,8.6e-05,1.6000000000000001e-06,0.00036700000000000003,2.35e-06
1834,5e-06,4.3e-05,4.9000000000000005e-05,1.33e-05,1.59e-05,1.71e-05,5.2000000000000004e-05,1.84e-05,3.32e-05,1.53e-05,1.53e-05,3.15e-05,1.4799999999999999e-05,1.6800000000000002e-05,3.78e-05,4.38e-05,3.15e-05,0.00011350000000000001,1.94e-05,2.14e-05,1.4799999999999999e-05,6.15e-05,6.799999999999999e-06,8.800000000000001e-05,1.8000000000000001e-06,0.000366,2.3e-06
1835,5e-06,4.25e-05,5e-05,1.325e-05,1.575e-05,1.725e-05,5.3e-05,1.9e-05,3.4e-05,1.525e-05,1.525e-05,3.125e-05,1.4999999999999999e-05,1.7e-05,3.85e-05,4.35e-05,3.125e-05,0.00011375,1.95e-05,2.15e-05,1.4999999999999999e-05,6.125e-05,7e-06,9e-05,2.0000000000000003e-06,0.00036500000000000004,2.25e-06
1836,5e-06,4.2000000000000004e-05,5.1000000000000006e-05,1.3199999999999999e-05,1.56e-05,1.74e-05,5.4e-05,1.96e-05,3.4800000000000006e-05,1.52e-05,1.52e-05,3.1e-05,1.52e-05,1.72e-05,3.92e-05,4.32e-05,3.1e-05,0.000114,1.9600000000000002e-05,2.16e-05,1.52e-05,6.1e-05,7.2e-06,9.200000000000001e-05,2.2e-06,0.000364,2.2e-06
1837,5e-06,4.1500000000000006e-05,5.2000000000000004e-05,1.315e-05,1.545e-05,1.755e-05,5.5e-05,2.02e-05,3.5600000000000005e-05,1.515e-05,1.515e-05,3.075e-05,1.5399999999999998e-05,1.74e-05,3.9899999999999994e-05,4.29e-05,3.075e-05,0.00011425,1.97e-05,2.17e-05,1.5399999999999998e-05,6.075e-05,7.3999999999999995e-06,9.400000000000001e-05,2.4000000000000003e-06,0.00036300000000000004,2.1499999999999997e-06
1838,5e-06,4.1e-05,5.3e-05,1.31e-05,1.53e-05,1.77e-05,5.6e-05,2.0799999999999997e-05,3.6400000000000004e-05,1.5100000000000001e-05,1.5100000000000001e-05,3.05e-05,1.56e-05,1.76e-05,4.06e-05,4.26e-05,3.05e-05,0.0001145,1.98e-05,2.18e-05,1.56e-05,6.05e-05,7.6e-06,9.6e-05,2.6000000000000005e-06,0.000362,2.1e-06
1839,5e-06,4.05e-05,5.4000000000000005e-05,1.3049999999999999e-05,1.515e-05,1.785e-05,5.7e-05,2.14e-05,3.72e-05,1.505e-05,1.505e-05,3.025e-05,1.5799999999999998e-05,1.78e-05,4.13e-05,4.23e-05,3.025e-05,0.00011475,1.9900000000000003e-05,2.19e-05,1.5799999999999998e-05,6.025e-05,7.8e-06,9.800000000000001e-05,2.8000000000000003e-06,0.00036100000000000005,2.05e-06
1840,5e-06,4e-05,5.5e-05,1.3e-05,1.5e-05,1.8e-05,5.8e-05,2.2e-05,3.8e-05,1.5e-05,1.5e-05,3e-05,1.6e-05,1.8e-05,4.2e-05,4.2e-05,3e-05,0.000115,2e-05,2.2e-05,1.6e-05,6e-05,8e-06,0.0001,3e-06,0.00036,2e-06
1841,4.95e-06,3.9750000000000004e-05,5.6e-05,1.31e-05,1.49e-05,1.81e-05,5.87e-05,2.26e-05,3.84e-05,1.4950000000000001e-05,1.4950000000000001e-05,2.9900000000000002e-05,1.61e-05,1.8200000000000002e-05,4.26e-05,4.18e-05,2.9900000000000002e-05,0.00011485,2.01e-05,2.21e-05,1.62e-05,5.975e-05,8.4e-06,0.000101,3.3e-06,0.000359,1.9749999999999997e-06
1842,4.9000000000000005e-06,3.9500000000000005e-05,5.7e-05,1.3199999999999999e-05,1.48e-05,1.8200000000000002e-05,5.94e-05,2.3199999999999998e-05,3.88e-05,1.49e-05,1.49e-05,2.98e-05,1.62e-05,1.84e-05,4.32e-05,4.1599999999999995e-05,2.98e-05,0.0001147,2.0200000000000003e-05,2.22e-05,1.64e-05,5.95e-05,8.8e-06,0.000102,3.6000000000000003e-06,0.00035800000000000003,1.95e-06
1843,4.85e-06,3.9250000000000005e-05,5.8e-05,1.33e-05,1.47e-05,1.83e-05,6.01e-05,2.38e-05,3.9200000000000004e-05,1.485e-05,1.485e-05,2.97e-05,1.63e-05,1.86e-05,4.38e-05,4.14e-05,2.97e-05,0.00011455,2.0300000000000002e-05,2.23e-05,1.66e-05,5.9250000000000004e-05,9.2e-06,0.00010300000000000001,3.9e-06,0.000357,1.9249999999999998e-06
1844,4.800000000000001e-06,3.9e-05,5.9e-05,1.3399999999999999e-05,1.46e-05,1.84e-05,6.08e-05,2.44e-05,3.96e-05,1.48e-05,1.48e-05,2.96e-05,1.64e-05,1.88e-05,4.44e-05,4.12e-05,2.96e-05,0.0001144,2.04e-05,2.24e-05,1.68e-05,5.9000000000000004e-05,9.6e-06,0.00010400000000000001,4.2000000000000004e-06,0.00035600000000000003,1.9e-06
1845,4.75e-06,3.875e-05,5.9999999999999995e-05,1.35e-05,1.45e-05,1.8500000000000002e-05,6.15e-05,2.4999999999999998e-05,3.9999999999999996e-05,1.475e-05,1.475e-05,2.95e-05,1.65e-05,1.9e-05,4.4999999999999996e-05,4.1e-05,2.95e-05,0.00011425,2.05e-05,2.2499999999999998e-05,1.7e-05,5.8750000000000005e-05,9.999999999999999e-06,0.000105,4.5e-06,0.000355,1.8749999999999998e-06
1846,4.7e-06,3.85e-05,6.1e-05,1.36e-05,1.44e-05,1.86e-05,6.22e-05,2.56e-05,4.04e-05,1.47e-05,1.47e-05,2.94e-05,1.66e-05,1.92e-05,4.56e-05,4.08e-05,2.94e-05,0.00011410000000000001,2.06e-05,2.26e-05,1.72e-05,5.85e-05,1.04e-05,0.000106,4.8e-06,0.00035400000000000004,1.85e-06
1847,4.65e-06,3.825e-05,6.2e-05,1.37e-05,1.43e-05,1.87e-05,6.29e-05,2.62e-05,4.08e-05,1.465e-05,1.465e-05,2.93e-05,1.67e-05,1.94e-05,4.62e-05,4.06e-05,2.93e-05,0.00011395,2.0700000000000002e-05,2.27e-05,1.74e-05,5.825e-05,1.08e-05,0.000107,5.1e-06,0.000353,1.8249999999999999e-06
1848,4.6e-06,3.8e-05,6.3e-05,1.38e-05,1.42e-05,1.88e-05,6.36e-05,2.68e-05,4.12e-05,1.46e-05,1.46e-05,2.92e-05,1.68e-05,1.96e-05,4.68e-05,4.04e-05,2.92e-05,0.0001138,2.08e-05,2.28e-05,1.76e-05,5.8e-05,1.1200000000000001e-05,0.00010800000000000001,5.4e-06,0.00035200000000000005,1.8e-06
1849,4.5500000000000005e-06,3.775e-05,6.4e-05,1.3899999999999999e-05,1.41e-05,1.8900000000000002e-05,6.429999999999999e-05,2.74e-05,4.1599999999999995e-05,1.455e-05,1.455e-05,2.91e-05,1.69e-05,1.98e-05,4.74e-05,4.02e-05,2.91e-05,0.00011365,2.09e-05,2.29e-05,1.78e-05,5.775e-05,1.16e-05,0.000109,5.7e-06,0.000351,1.775e-06
1850,4.5e-06,3.7500000000000003e-05,6.5e-05,1.4e-05,1.4e-05,1.9e-05,6.5e-05,2.8e-05,4.2e-05,1.45e-05,1.45e-05,2.9e-05,1.7e-05,1.9999999999999998e-05,4.8e-05,3.9999999999999996e-05,2.9e-05,0.0001135,2.1000000000000002e-05,2.3e-05,1.8e-05,5.75e-05,1.2e-05,0.00011,6e-06,0.00035000000000000005,1.75e-06
1851,4.45e-06,3.725e-05,6.649999999999999e-05,1.41e-05,1.3899999999999999e-05,1.91e-05,6.549999999999999e-05,2.84e-05,4.18e-05,1.445e-05,1.445e-05,2.89e-05,1.71e-05,2.02e-05,4.82e-05,3.98e-05,2.89e-05,0.00011335,2.11e-05,2.31e-05,1.8200000000000002e-05,5.725e-05,1.24e-05,0.0001095,6.4000000000000006e-06,0.000349,1.725e-06
1852,4.4e-06,3.7e-05,6.8e-05,1.42e-05,1.38e-05,1.9200000000000003e-05,6.599999999999999e-05,2.88e-05,4.16e-05,1.44e-05,1.44e-05,2.88e-05,1.72e-05,2.04e-05,4.8400000000000004e-05,3.96e-05,2.88e-05,0.0001132,2.12e-05,2.32e-05,1.84e-05,5.7e-05,1.28e-05,0.000109,6.8e-06,0.000348,1.7e-06
1853,4.35e-06,3.675e-05,6.95e-05,1.43e-05,1.37e-05,1.93e-05,6.649999999999999e-05,2.9199999999999998e-05,4.14e-05,1.435e-05,1.435e-05,2.87e-05,1.73e-05,2.06e-05,4.86e-05,3.94e-05,2.87e-05,0.00011305,2.13e-05,2.33e-05,1.86e-05,5.6750000000000004e-05,1.3199999999999999e-05,0.00010850000000000001,7.2000000000000005e-06,0.00034700000000000003,1.675e-06
1854,4.3e-06,3.65e-05,7.1e-05,1.44e-05,1.36e-05,1.94e-05,6.699999999999999e-05,2.9599999999999998e-05,4.12e-05,1.43e-05,1.43e-05,2.86e-05,1.74e-05,2.08e-05,4.88e-05,3.9200000000000004e-05,2.86e-05,0.0001129,2.14e-05,2.34e-05,1.88e-05,5.6500000000000005e-05,1.36e-05,0.00010800000000000001,7.6e-06,0.000346,1.65e-06
1855,4.25e-06,3.625e-05,7.25e-05,1.45e-05,1.35e-05,1.95e-05,6.749999999999999e-05,2.9999999999999997e-05,4.1e-05,1.425e-05,1.425e-05,2.85e-05,1.75e-05,2.1e-05,4.9e-05,3.9e-05,2.85e-05,0.00011275,2.15e-05,2.3500000000000002e-05,1.9e-05,5.625e-05,1.4e-05,0.00010750000000000001,8.000000000000001e-06,0.00034500000000000004,1.6250000000000001e-06
1856,4.2e-06,3.6e-05,7.400000000000001e-05,1.46e-05,1.3399999999999999e-05,1.9600000000000002e-05,6.8e-05,3.04e-05,4.08e-05,1.42e-05,1.42e-05,2.84e-05,1.76e-05,2.12e-05,4.92e-05,3.88e-05,2.84e-05,0.0001126,2.16e-05,2.36e-05,1.9200000000000003e-05,5.6e-05,1.44e-05,0.000107,8.400000000000001e-06,0.000344,1.6e-06
1857,4.15e-06,3.575e-05,7.55e-05,1.47e-05,1.33e-05,1.97e-05,6.85e-05,3.0799999999999996e-05,4.0600000000000004e-05,1.415e-05,1.415e-05,2.83e-05,1.77e-05,2.14e-05,4.94e-05,3.86e-05,2.83e-05,0.00011245,2.17e-05,2.37e-05,1.94e-05,5.575e-05,1.4799999999999999e-05,0.0001065,8.8e-06,0.00034300000000000004,1.5750000000000002e-06
1858,4.1e-06,3.5499999999999996e-05,7.7e-05,1.48e-05,1.3199999999999999e-05,1.98e-05,6.9e-05,3.12e-05,4.04e-05,1.41e-05,1.41e-05,2.82e-05,1.78e-05,2.16e-05,4.96e-05,3.84e-05,2.82e-05,0.00011229999999999999,2.18e-05,2.38e-05,1.9600000000000002e-05,5.55e-05,1.52e-05,0.000106,9.2e-06,0.000342,1.55e-06
1859,4.05e-06,3.5249999999999996e-05,7.850000000000001e-05,1.49e-05,1.31e-05,1.9900000000000003e-05,6.95e-05,3.1599999999999996e-05,4.02e-05,1.405e-05,1.405e-05,2.81e-05,1.79e-05,2.1799999999999998e-05,4.9800000000000004e-05,3.82e-05,2.81e-05,0.00011215,2.19e-05,2.39e-05,1.98e-05,5.525e-05,1.56e-05,0.0001055,9.600000000000001e-06,0.00034100000000000005,1.525e-06
1860,4e-06,3.5e-05,8e-05,1.5e-05,1.3e-05,2e-05,7e-05,3.2e-05,4e-05,1.4e-05,1.4e-05,2.8e-05,1.8e-05,2.2e-05,5e-05,3.8e-05,2.8e-05,0.000112,2.2e-05,2.4e-05,2e-05,5.5e-05,1.6e-05,0.000105,1e-05,0.00034,1.5e-06
1861,4e-06,3.485e-05,8.05e-05,1.515e-05,1.295e-05,1.9900000000000003e-05,6.979999999999999e-05,3.23e-05,3.9800000000000005e-05,1.395e-05,1.395e-05,2.79e-05,1.8e-05,2.215e-05,4.9800000000000004e-05,3.785e-05,2.785e-05,0.0001118,2.215e-05,2.4050000000000002e-05,2.01e-05,5.475e-05,1.62e-05,0.00010400000000000001,1.04e-05,0.0003395,1.475e-06
1862,4e-06,3.4699999999999996e-05,8.1e-05,1.53e-05,1.2899999999999998e-05,1.98e-05,6.96e-05,3.26e-05,3.96e-05,1.3899999999999999e-05,1.3899999999999999e-05,2.7799999999999998e-05,1.8e-05,2.23e-05,4.96e-05,3.77e-05,2.77e-05,0.0001116,2.23e-05,2.41e-05,2.0200000000000003e-05,5.45e-05,1.64e-05,0.00010300000000000001,1.08e-05,0.000339,1.45e-06
1863,4e-06,3.455e-05,8.15e-05,1.545e-05,1.2849999999999999e-05,1.97e-05,6.939999999999999e-05,3.29e-05,3.94e-05,1.385e-05,1.385e-05,2.77e-05,1.8e-05,2.245e-05,4.94e-05,3.7550000000000005e-05,2.755e-05,0.0001114,2.245e-05,2.415e-05,2.0300000000000002e-05,5.4250000000000004e-05,1.66e-05,0.000102,1.1200000000000001e-05,0.00033850000000000004,1.425e-06
1864,4e-06,3.4399999999999996e-05,8.2e-05,1.56e-05,1.28e-05,1.9600000000000002e-05,6.92e-05,3.32e-05,3.9200000000000004e-05,1.38e-05,1.38e-05,2.76e-05,1.8e-05,2.26e-05,4.92e-05,3.74e-05,2.74e-05,0.00011119999999999999,2.26e-05,2.4200000000000002e-05,2.04e-05,5.4000000000000005e-05,1.68e-05,0.000101,1.16e-05,0.00033800000000000003,1.4e-06
1865,4e-06,3.425e-05,8.25e-05,1.575e-05,1.275e-05,1.95e-05,6.9e-05,3.35e-05,3.9e-05,1.3749999999999999e-05,1.3749999999999999e-05,2.7499999999999998e-05,1.8e-05,2.275e-05,4.9e-05,3.725e-05,2.7249999999999998e-05,0.000111,2.275e-05,2.425e-05,2.05e-05,5.3750000000000005e-05,1.7e-05,0.0001,1.2e-05,0.0003375,1.375e-06
1866,4e-06,3.4099999999999995e-05,8.300000000000001e-05,1.59e-05,1.27e-05,1.94e-05,6.879999999999999e-05,3.3799999999999995e-05,3.88e-05,1.37e-05,1.37e-05,2.74e-05,1.8e-05,2.29e-05,4.88e-05,3.71e-05,2.71e-05,0.0001108,2.29e-05,2.43e-05,2.06e-05,5.35e-05,1.72e-05,9.900000000000001e-05,1.24e-05,0.000337,1.35e-06
1867,4e-06,3.395e-05,8.350000000000001e-05,1.605e-05,1.265e-05,1.93e-05,6.86e-05,3.4099999999999995e-05,3.86e-05,1.365e-05,1.365e-05,2.73e-05,1.8e-05,2.305e-05,4.86e-05,3.6950000000000004e-05,2.695e-05,0.00011059999999999999,2.305e-05,2.4350000000000002e-05,2.0700000000000002e-05,5.325e-05,1.74e-05,9.800000000000001e-05,1.28e-05,0.0003365,1.325e-06
1868,4e-06,3.3799999999999995e-05,8.400000000000001e-05,1.62e-05,1.26e-05,1.9200000000000003e-05,6.84e-05,3.4399999999999996e-05,3.8400000000000005e-05,1.36e-05,1.36e-05,2.72e-05,1.8e-05,2.32e-05,4.8400000000000004e-05,3.68e-05,2.68e-05,0.0001104,2.32e-05,2.44e-05,2.08e-05,5.3e-05,1.76e-05,9.7e-05,1.3199999999999999e-05,0.00033600000000000004,1.3e-06
1869,4e-06,3.365e-05,8.450000000000001e-05,1.635e-05,1.255e-05,1.91e-05,6.82e-05,3.4699999999999996e-05,3.82e-05,1.3549999999999999e-05,1.3549999999999999e-05,2.7099999999999998e-05,1.8e-05,2.3350000000000002e-05,4.82e-05,3.6649999999999996e-05,2.665e-05,0.0001102,2.3350000000000002e-05,2.445e-05,2.09e-05,5.275e-05,1.78e-05,9.6e-05,1.36e-05,0.0003355,1.275e-06
1870,4e-06,3.35e-05,8.5e-05,1.65e-05,1.2499999999999999e-05,1.9e-05,6.8e-05,3.5e-05,3.8e-05,1.35e-05,1.35e-05,2.7e-05,1.8e-05,2.3500000000000002e-05,4.8e-05,3.65e-05,2.65e-05,0.00010999999999999999,2.3500000000000002e-05,2.45e-05,2.1000000000000002e-05,5.25e-05,1.8e-05,9.5e-05,1.4e-05,0.000335,1.2499999999999999e-06
1871,4e-06,3.335e-05,8.55e-05,1.665e-05,1.245e-05,1.8900000000000002e-05,6.769999999999999e-05,3.53e-05,3.77e-05,1.345e-05,1.345e-05,2.69e-05,1.8e-05,2.365e-05,4.77e-05,3.635e-05,2.635e-05,0.0001098,2.365e-05,2.455e-05,2.11e-05,5.225e-05,1.78e-05,9.400000000000001e-05,1.44e-05,0.0003345,1.225e-06
1872,4e-06,3.32e-05,8.6e-05,1.6800000000000002e-05,1.24e-05,1.88e-05,6.74e-05,3.56e-05,3.74e-05,1.3399999999999999e-05,1.3399999999999999e-05,2.6799999999999998e-05,1.8e-05,2.38e-05,4.74e-05,3.62e-05,2.62e-05,0.0001096,2.38e-05,2.46e-05,2.12e-05,5.2000000000000004e-05,1.76e-05,9.300000000000001e-05,1.48e-05,0.000334,1.2e-06
1873,4e-06,3.305e-05,8.65e-05,1.695e-05,1.235e-05,1.87e-05,6.71e-05,3.59e-05,3.71e-05,1.335e-05,1.335e-05,2.67e-05,1.8e-05,2.395e-05,4.71e-05,3.6049999999999995e-05,2.605e-05,0.0001094,2.395e-05,2.465e-05,2.13e-05,5.1750000000000004e-05,1.74e-05,9.2e-05,1.52e-05,0.00033350000000000003,1.175e-06
1874,4e-06,3.29e-05,8.7e-05,1.71e-05,1.23e-05,1.86e-05,6.68e-05,3.62e-05,3.68e-05,1.33e-05,1.33e-05,2.66e-05,1.8e-05,2.41e-05,4.68e-05,3.59e-05,2.59e-05,0.0001092,2.41e-05,2.47e-05,2.14e-05,5.1500000000000005e-05,1.72e-05,9.1e-05,1.56e-05,0.000333,1.15e-06
1875,4e-06,3.2749999999999996e-05,8.750000000000001e-05,1.725e-05,1.225e-05,1.8500000000000002e-05,6.649999999999999e-05,3.65e-05,3.65e-05,1.325e-05,1.325e-05,2.65e-05,1.8e-05,2.425e-05,4.6500000000000005e-05,3.575e-05,2.5750000000000002e-05,0.00010899999999999999,2.425e-05,2.4750000000000002e-05,2.15e-05,5.125e-05,1.7e-05,9e-05,1.6e-05,0.0003325,1.125e-06
1876,4e-06,3.26e-05,8.800000000000001e-05,1.74e-05,1.22e-05,1.84e-05,6.62e-05,3.68e-05,3.62e-05,1.3199999999999999e-05,1.3199999999999999e-05,2.6399999999999998e-05,1.8e-05,2.44e-05,4.6200000000000005e-05,3.56e-05,2.5600000000000002e-05,0.0001088,2.44e-05,2.48e-05,2.16e-05,5.1e-05,1.68e-05,8.900000000000001e-05,1.64e-05,0.000332,1.1e-06
1877,4e-06,3.2449999999999996e-05,8.850000000000001e-05,1.755e-05,1.215e-05,1.83e-05,6.59e-05,3.71e-05,3.59e-05,1.315e-05,1.315e-05,2.63e-05,1.8e-05,2.455e-05,4.5900000000000004e-05,3.5449999999999994e-05,2.5450000000000002e-05,0.0001086,2.455e-05,2.485e-05,2.17e-05,5.075e-05,1.66e-05,8.800000000000001e-05,1.6800000000000002e-05,0.0003315,1.0749999999999999e-06
1878,4e-06,3.23e-05,8.900000000000001e-05,1.77e-05,1.21e-05,1.8200000000000002e-05,6.56e-05,3.74e-05,3.56e-05,1.31e-05,1.31e-05,2.62e-05,1.8e-05,2.47e-05,4.5600000000000004e-05,3.53e-05,2.5300000000000002e-05,0.00010839999999999999,2.47e-05,2.4900000000000002e-05,2.18e-05,5.05e-05,1.64e-05,8.7e-05,1.72e-05,0.000331,1.05e-06
1879,4e-06,3.2149999999999995e-05,8.950000000000001e-05,1.785e-05,1.205e-05,1.81e-05,6.529999999999999e-05,3.77e-05,3.53e-05,1.3049999999999999e-05,1.3049999999999999e-05,2.6099999999999997e-05,1.8e-05,2.485e-05,4.53e-05,3.515e-05,2.515e-05,0.0001082,2.485e-05,2.495e-05,2.19e-05,5.025e-05,1.62e-05,8.6e-05,1.76e-05,0.0003305,1.025e-06
1880,4e-06,3.2e-05,9e-05,1.8e-05,1.2e-05,1.8e-05,6.5e-05,3.8e-05,3.5e-05,1.3e-05,1.3e-05,2.6e-05,1.8e-05,2.5e-05,4.5e-05,3.5e-05,2.5e-05,0.000108,2.5e-05,2.5e-05,2.2e-05,5e-05,1.6e-05,8.5e-05,1.8e-05,0.00033,1e-06
1881,4e-06,3.1899999999999996e-05,8.98e-05,1.81e-05,1.195e-05,1.79e-05,6.45e-05,3.82e-05,3.48e-05,1.295e-05,1.295e-05,2.5949999999999997e-05,1.79e-05,2.515e-05,4.47e-05,3.485e-05,2.485e-05,0.00010784999999999999,2.515e-05,2.5050000000000002e-05,2.21e-05,4.99e-05,1.5799999999999998e-05,8.400000000000001e-05,1.8200000000000002e-05,0.000329,9.9e-07
1882,4e-06,3.18e-05,8.960000000000001e-05,1.8200000000000002e-05,1.19e-05,1.78e-05,6.4e-05,3.8400000000000005e-05,3.46e-05,1.2899999999999998e-05,1.2899999999999998e-05,2.59e-05,1.78e-05,2.5300000000000002e-05,4.44e-05,3.4699999999999996e-05,2.47e-05,0.0001077,2.5300000000000002e-05,2.51e-05,2.22e-05,4.9800000000000004e-05,1.56e-05,8.3e-05,1.84e-05,0.000328,9.8e-07
1883,4e-06,3.17e-05,8.94e-05,1.83e-05,1.185e-05,1.77e-05,6.35e-05,3.86e-05,3.4399999999999996e-05,1.2849999999999999e-05,1.2849999999999999e-05,2.5849999999999998e-05,1.77e-05,2.5450000000000002e-05,4.41e-05,3.455e-05,2.455e-05,0.00010755,2.5450000000000002e-05,2.515e-05,2.23e-05,4.97e-05,1.5399999999999998e-05,8.2e-05,1.86e-05,0.000327,9.7e-07
1884,4e-06,3.1599999999999996e-05,8.92e-05,1.84e-05,1.18e-05,1.76e-05,6.3e-05,3.88e-05,3.42e-05,1.28e-05,1.28e-05,2.58e-05,1.76e-05,2.5600000000000002e-05,4.38e-05,3.4399999999999996e-05,2.44e-05,0.0001074,2.5600000000000002e-05,2.52e-05,2.24e-05,4.96e-05,1.52e-05,8.1e-05,1.88e-05,0.000326,9.6e-07
1885,4e-06,3.15e-05,8.9e-05,1.8500000000000002e-05,1.1750000000000001e-05,1.75e-05,6.25e-05,3.9e-05,3.4e-05,1.275e-05,1.275e-05,2.575e-05,1.75e-05,2.5750000000000002e-05,4.35e-05,3.425e-05,2.425e-05,0.00010725,2.5750000000000002e-05,2.525e-05,2.2499999999999998e-05,4.9500000000000004e-05,1.4999999999999999e-05,7.999999999999999e-05,1.9e-05,0.000325,9.5e-07
1886,4e-06,3.14e-05,8.88e-05,1.86e-05,1.17e-05,1.74e-05,6.2e-05,3.9200000000000004e-05,3.38e-05,1.27e-05,1.27e-05,2.5699999999999998e-05,1.74e-05,2.59e-05,4.32e-05,3.4099999999999995e-05,2.41e-05,0.0001071,2.59e-05,2.5300000000000002e-05,2.26e-05,4.94e-05,1.48e-05,7.9e-05,1.9200000000000003e-05,0.000324,9.399999999999999e-07
1887,4e-06,3.13e-05,8.86e-05,1.87e-05,1.165e-05,1.73e-05,6.15e-05,3.94e-05,3.3600000000000004e-05,1.265e-05,1.265e-05,2.565e-05,1.73e-05,2.605e-05,4.29e-05,3.395e-05,2.395e-05,0.00010695,2.605e-05,2.535e-05,2.27e-05,4.93e-05,1.4599999999999999e-05,7.8e-05,1.94e-05,0.000323,9.3e-07
1888,4e-06,3.12e-05,8.84e-05,1.88e-05,1.16e-05,1.72e-05,6.1e-05,3.96e-05,3.34e-05,1.26e-05,1.26e-05,2.56e-05,1.72e-05,2.62e-05,4.26e-05,3.3799999999999995e-05,2.38e-05,0.0001068,2.62e-05,2.54e-05,2.28e-05,4.92e-05,1.44e-05,7.7e-05,1.9600000000000002e-05,0.000322,9.2e-07
1889,4e-06,3.11e-05,8.82e-05,1.8900000000000002e-05,1.155e-05,1.71e-05,6.05e-05,3.9800000000000005e-05,3.32e-05,1.255e-05,1.255e-05,2.555e-05,1.71e-05,2.635e-05,4.23e-05,3.365e-05,2.365e-05,0.00010665,2.635e-05,2.545e-05,2.29e-05,4.91e-05,1.42e-05,7.599999999999999e-05,1.98e-05,0.000321,9.1e-07
1890,4e-06,3.1e-05,8.8e-05,1.9e-05,1.15e-05,1.7e-05,6e-05,4e-05,3.3e-05,1.2499999999999999e-05,1.2499999999999999e-05,2.55e-05,1.7e-05,2.65e-05,4.2e-05,3.35e-05,2.3500000000000002e-05,0.0001065,2.65e-05,2.55e-05,2.3e-05,4.9e-05,1.4e-05,7.5e-05,2e-05,0.00031999999999999997,9e-07
1891,4e-06,3.09e-05,8.74e-05,1.91e-05,1.145e-05,1.69e-05,5.9800000000000003e-05,4.02e-05,3.29e-05,1.245e-05,1.245e-05,2.545e-05,1.69e-05,2.665e-05,4.18e-05,3.335e-05,2.335e-05,0.00010635,2.665e-05,2.555e-05,2.31e-05,4.89e-05,1.3899999999999999e-05,7.4e-05,2.0200000000000003e-05,0.000319,8.9e-07
1892,4e-06,3.08e-05,8.68e-05,1.9200000000000003e-05,1.14e-05,1.68e-05,5.96e-05,4.04e-05,3.2800000000000004e-05,1.24e-05,1.24e-05,2.54e-05,1.68e-05,2.68e-05,4.16e-05,3.32e-05,2.32e-05,0.0001062,2.68e-05,2.56e-05,2.32e-05,4.88e-05,1.38e-05,7.3e-05,2.04e-05,0.000318,8.799999999999999e-07
1893,4e-06,3.07e-05,8.62e-05,1.93e-05,1.135e-05,1.67e-05,5.94e-05,4.0600000000000004e-05,3.27e-05,1.235e-05,1.235e-05,2.535e-05,1.67e-05,2.695e-05,4.14e-05,3.305e-05,2.305e-05,0.00010605,2.695e-05,2.565e-05,2.33e-05,4.8700000000000005e-05,1.37e-05,7.199999999999999e-05,2.06e-05,0.000317,8.699999999999999e-07
1894,4e-06,3.06e-05,8.56e-05,1.94e-05,1.13e-05,1.66e-05,5.92e-05,4.08e-05,3.26e-05,1.23e-05,1.23e-05,2.5300000000000002e-05,1.66e-05,2.71e-05,4.12e-05,3.29e-05,2.29e-05,0.0001059,2.71e-05,2.5699999999999998e-05,2.34e-05,4.86e-05,1.36e-05,7.099999999999999e-05,2.08e-05,0.000316,8.599999999999999e-07
1895,4e-06,3.05e-05,8.5e-05,1.95e-05,1.1249999999999999e-05,1.65e-05,5.9e-05,4.1e-05,3.2500000000000004e-05,1.225e-05,1.225e-05,2.525e-05,1.65e-05,2.7249999999999998e-05,4.1e-05,3.2749999999999996e-05,2.275e-05,0.00010575,2.7249999999999998e-05,2.575e-05,2.3500000000000002e-05,4.85e-05,1.35e-05,7e-05,2.1000000000000002e-05,0.000315,8.499999999999999e-07
1896,4e-06,3.04e-05,8.44e-05,1.9600000000000002e-05,1.12e-05,1.64e-05,5.88e-05,4.12e-05,3.24e-05,1.22e-05,1.22e-05,2.52e-05,1.64e-05,2.74e-05,4.08e-05,3.26e-05,2.26e-05,0.0001056,2.74e-05,2.58e-05,2.36e-05,4.8400000000000004e-05,1.3399999999999999e-05,6.9e-05,2.12e-05,0.000314,8.4e-07
1897,4e-06,3.03e-05,8.38e-05,1.97e-05,1.115e-05,1.63e-05,5.86e-05,4.14e-05,3.23e-05,1.215e-05,1.215e-05,2.515e-05,1.63e-05,2.755e-05,4.0600000000000004e-05,3.2449999999999996e-05,2.245e-05,0.00010545,2.755e-05,2.5849999999999998e-05,2.37e-05,4.83e-05,1.33e-05,6.8e-05,2.14e-05,0.000313,8.299999999999999e-07
1898,4e-06,3.0200000000000002e-05,8.32e-05,1.98e-05,1.11e-05,1.62e-05,5.84e-05,4.16e-05,3.22e-05,1.21e-05,1.21e-05,2.51e-05,1.62e-05,2.77e-05,4.04e-05,3.23e-05,2.23e-05,0.0001053,2.77e-05,2.59e-05,2.38e-05,4.82e-05,1.3199999999999999e-05,6.699999999999999e-05,2.16e-05,0.000312,8.2e-07
1899,4e-06,3.01e-05,8.26e-05,1.9900000000000003e-05,1.105e-05,1.61e-05,5.82e-05,4.18e-05,3.21e-05,1.205e-05,1.205e-05,2.5050000000000002e-05,1.61e-05,2.785e-05,4.02e-05,3.2149999999999995e-05,2.215e-05,0.00010515000000000001,2.785e-05,2.5949999999999997e-05,2.39e-05,4.8100000000000004e-05,1.31e-05,6.599999999999999e-05,2.18e-05,0.000311,8.1e-07
1900,4e-06,3e-05,8.2e-05,2e-05,1.1e-05,1.6e-05,5.8e-05,4.2e-05,3.2e-05,1.2e-05,1.2e-05,2.5e-05,1.6e-05,2.8e-05,4e-05,3.2e-05,2.2e-05,0.000105,2.8e-05,2.6e-05,2.4e-05,4.8e-05,1.3e-05,6.5e-05,2.2e-05,0.00031,8e-07
