Year,Agri,Ind,Serv,GDP,nAgri,nInd,nServ,nGDP,Defl,Coal,Iron,Textiles,TotalInd,Construction,PopEng,PopGB,K_nondwell_GB,K_dwell_GB
1700,100.0,100.0,100.0,100.0,,76.01251982427065,,100.0,100.0,100.0,100.0,100.0,100.0,100.0,5.195805,6.205051294339165,,
1701,111.06349460047156,111.8625582912454,103.49447170050803,108.97205822904704,,79.12963519370888,,88.5464994910403,98.09063779891709,118.75,98.97665251667677,131.71326348549738,91.77832688761067,81.51260504201676,5.210622,6.243315983045056,,
1702,117.73632298883933,101.11236154422029,103.02340010571747,106.16158030914751,,75.82747093629212,,86.99686478980423,95.43605893137382,68.75,99.34808975136445,118.58969346241769,91.06088132951811,79.83193277310924,5.130944,6.287647280902274,,
1703,104.6662071836997,92.64436776145028,103.59802270699919,99.35802266329082,,69.46572622197614,,80.1428114254147,95.58552992041216,87.49999999999997,98.74166161309884,85.41483843561429,99.66477602551431,94.95798319327727,5.2590069999999995,6.341897161069989,,
1704,131.24769830221445,117.0199109643147,109.10511487645303,118.28590078136946,,85.53654770008829,,87.7595095197949,97.20736971140546,106.25,98.40054578532444,134.58892306317125,105.64042792353483,109.24369747899156,5.258024000000001,6.3727119315090235,,
1705,127.0274853290881,105.89725802833665,108.1783846183799,112.26784153982483,,79.36496422540041,,80.0405607220824,97.02581528117207,100.0,97.41510006064281,109.44824951188274,106.09653430843211,101.26050420168065,5.243873,6.3874823453321286,,
1706,98.72092889757131,85.35848892503918,104.57450521118083,95.07338451802228,,64.29575722197626,,77.82753394469101,90.59770396340754,87.49999999999997,97.8623408126137,71.01656331177611,96.86976308103074,93.27731092436973,5.333593,6.408450380075861,,
1707,115.15476517739147,98.30150486175818,110.84723884269994,106.81427520290893,,71.67786641226473,,78.42023212798658,88.16938072688839,81.24999999999999,98.62037598544572,92.75614660298118,108.83145409800974,117.64705882352938,5.324293,6.431911676255449,,
1708,91.18213486790982,127.20545070961577,115.03335774281172,113.69470658216925,,79.57844766489755,,89.39867449529531,88.88928861133311,106.25,98.73408126137052,161.6158910049525,102.55130753088362,105.0420168067226,5.315379,6.454156264800768,,
1709,77.49852974317126,102.62671148999556,110.68823725661731,98.49776695187367,,74.93709972779257,,119.8302027103851,88.29679590169157,112.5,98.38538508186781,110.86717794188537,91.97341536938428,84.03361344537808,5.309902,6.46899236922152,,
1710,72.16046582720433,86.84858041633403,107.55001113187726,89.55051025296623,,69.91907978045563,,123.59103669022313,91.75661179700737,93.74999999999999,100.71255306246209,75.08495213287493,91.82137585010095,79.83193277310924,5.38987,6.48755856217637,,
1711,93.15159320015177,88.52106036210513,113.15726367155725,97.63901431298888,,70.73281160908411,,102.50766236513455,89.39753350807372,106.25,100.78077622801698,87.58319024790208,81.02669956437668,55.462184873949546,5.382325,6.480122438085237,,
1712,100.31933403058642,88.52106036210513,106.89540459858273,97.54912173027806,,68.41818262388448,,93.50781712268207,88.65980612999793,100.0,102.2134627046695,106.95619722898275,81.3534937645852,55.462184873949546,5.313727,6.4677257513639725,,
1713,77.24762998556572,94.17710350285856,105.75456160531189,93.36167832518004,,67.22585010075696,,98.05624068629321,90.71751101867414,100.0,102.91085506367494,127.55946156395757,86.5479923100758,85.71428571428568,5.310003,6.478882275834852,,
1714,95.81336446432259,103.42444020455433,107.50623791830918,102.69851980433337,,75.75838874968244,,104.782248905263,91.46735445582601,125.0,104.10097028502123,120.08238267008139,87.22628221070727,101.68067226890753,5.393804,6.502455019493225,,
1715,84.36356399344159,104.17068806968881,107.08809791280179,99.81647014848444,,70.07857326748555,,89.71036726051403,89.8501792353771,112.5,105.74590661006671,118.87783254907905,91.34171603173546,115.96638655462179,5.397729999999999,6.5099169287339596,,
1716,85.42675933313485,109.92723724678018,110.5699381588882,103.5923687752123,,72.99220623205565,,96.68147844836051,86.42430127720424,118.75,115.29714978775014,146.29347494769482,83.86460079175524,81.51260504201676,5.428305999999999,6.549664320037117,,
1717,95.93179160660571,117.13906331529856,110.74782740554745,109.4329724678627,,77.97755520915385,,94.07347902006946,90.11789340800526,131.25,125.15160703456641,152.0667476361287,88.82856634382209,96.63865546218484,5.437161,6.59441305443385,,
1718,115.7850294520194,117.51047771226789,113.0187134162141,115.61282110450897,,82.64757780146786,,89.01960056653569,93.81809500236938,118.75,138.75833838690116,145.24700029900737,92.5170627305178,111.76470588235287,5.491429,6.639199523461984,,
1719,95.74400768322626,124.85269605394329,113.89401819946683,113.57604122492934,,79.40539489545839,,86.97394817632387,90.92420788228314,125.0,135.89296543359612,168.51911147310088,93.76272971103937,110.08403361344534,5.530415,6.684023837556813,,
1720,132.44334452246486,119.7205319221772,112.54168542346056,120.82021463046533,,87.89384437022179,,97.64452045114132,90.51265976868392,125.0,134.51334141904184,135.89034969373236,102.61940431395509,140.33613445378143,5.510036,6.661746445637375,,
1721,128.66088915336607,112.79798613722684,109.9039597963505,116.10676175553252,,80.62529393761425,,90.28062543957786,86.42288343412694,137.5,128.98726500909643,126.61194374819031,93.5817489316691,111.76470588235287,5.5027420000000005,6.6543807338731265,,
1722,118.28793710202154,118.67457197477557,114.84127883571892,117.34497971718356,,79.62288621134383,,83.24908483829621,87.39995815998226,137.5,122.93056397816859,145.39185046198116,95.75520906849032,121.00840336134446,5.505718,6.660699764024171,,
1723,109.7157154201551,118.4197782846683,113.51219091416434,114.52612301565672,,79.64583622213432,,86.43649689275894,89.03721718822266,137.5,122.9760460885385,156.19411934404224,92.76528589895962,106.72268907563026,5.5231840000000005,6.685698617223378,,
1724,114.30381943354664,112.9038361554544,113.23245425342516,113.38270070708658,,78.89783927542065,,89.04180649752492,87.59211877317945,131.25,122.95330503335356,117.81943672994171,95.35198080892977,142.01680672268893,5.540006999999999,6.709474953096012,,
1725,117.20001303298335,116.95125569238225,114.83560717833616,116.34080659906118,,82.76499759505481,,95.98035997945806,87.73120315893439,137.5,122.84718010915705,130.85690501763048,96.94095252508619,142.85714285714275,5.55845,6.734518875177854,,
1726,100.41373750461227,119.2899936738454,114.59705119541815,112.74950746229908,,82.16226064547836,,101.28090172611022,88.77729967883587,149.99999999999997,120.67161916312917,149.41868164189387,94.93323113484769,117.64705882352938,5.602227,6.791987814756587,,
1727,104.656794706625,114.10358309965247,115.61539247550282,112.06540104586624,,79.80148870150514,,98.1766314682067,87.70157609342546,143.75,120.52001212856275,126.61985589014755,94.21754450998397,115.96638655462179,5.628488999999999,6.8320509414618025,,
1728,121.70511771328209,110.75027602416169,116.4086724199741,115.4849894382743,,87.13716055186526,,117.81277420297201,86.19267754180039,131.25,118.36719223771983,114.79980066435674,96.42381828922211,129.41176470588232,5.577742,6.766135656315756,,
1729,117.66748692779201,101.0941676885664,112.18601194759617,109.06706640972008,,80.36892219276031,,107.29423782120844,87.91525823799785,143.75,114.83474833232262,91.57508326155704,84.63073894295792,99.1596638655462,5.478466999999999,6.657749947140612,,
1730,113.60784532792596,108.63537474378926,113.63850578910456,111.5634357697093,,76.73830304110787,,88.41829469521795,85.4119596283682,131.25,112.09824135839904,113.2446417322385,93.19541693255024,111.76470588235287,5.420676,6.57674249931289,,
1731,110.48446003976358,106.39621992952415,113.59634234786296,109.7911121935635,,74.86257219830371,,84.53801022339677,86.51241553350835,137.5,111.30230442692542,116.22266718963897,87.54346998235367,103.36134453781509,5.414321,6.5718443781073725,,
1732,131.2949256951674,110.47210057806322,113.76945282921092,117.08574131547525,,77.53913102446747,,78.32847172815114,85.11548489532375,131.25,107.91388720436628,109.07214971591145,101.22450913412078,134.45378151260502,5.394667999999999,6.6006735094638564,,
1733,130.54535371093976,115.87590934814402,115.53065030814855,119.68150973671534,,80.33025770455747,,79.21846135497287,86.28344108364948,143.75,107.98969072164948,143.24494875404395,98.56316922533452,123.52941176470576,5.4375290000000005,6.635777065019221,,
1734,125.57632028186151,115.68515830651592,118.57220706225998,119.24928638077994,,80.31729399200063,,83.8074064725331,84.90037003588259,131.25,103.24439053972102,146.8851194175019,97.62213638415838,126.05042016806722,5.515446,6.704666308339079,,
1735,115.53362736422497,115.04645977121348,118.93384274471683,116.42019444931418,,79.71695898462463,,90.4336479920846,83.34484145926598,149.99999999999997,102.53183747725893,132.0584100460866,97.12543007844188,118.48739495798316,5.561308,6.764858848182817,,
1736,146.1970112444972,115.64930613436435,119.61778978472721,125.07375084640874,,85.2764645005231,,89.46007296785142,83.32398544485422,149.99999999999997,96.86931473620376,122.92650994966401,98.10337062965904,124.36974789915969,5.598932,6.818846741600026,,
1737,142.60202270547452,104.37824545797507,116.23341502816658,118.3750175616199,,79.00647884565903,,85.57555308740122,82.23186573838326,137.5,98.5748938750758,65.18209240205633,96.36843878677875,121.00840336134455,5.6291009999999995,6.860364350168041,,
1738,130.79084779033542,115.45014151750198,118.70421416936435,120.58646545239469,,79.57416862805282,,83.4618558634187,81.66982809550953,143.75,103.57792601576712,137.95457892219557,93.34638965873383,113.4453781512605,5.652216,6.891901153865994,,
1739,130.63259203647362,113.21509527285825,119.20389248987841,119.78074118966715,,79.48926909713514,,85.36454706372241,81.17433404391817,131.25,112.40145542753181,134.5863607783019,86.91016076428915,84.87394957983193,5.684087000000001,6.935993177801534,,
1740,128.323387374773,109.91390075192584,119.10377764980234,117.76847757412622,,84.71875076840251,,106.47865629675348,84.26958997596356,168.75,114.19799878714375,127.50724314808014,88.7687281809711,99.1596638655462,5.711805999999999,6.973858085527374,,
1741,131.59802055597078,113.82387137255137,122.17645244418243,121.20722328797082,,88.11642203767799,,109.21519140318327,83.69484654798,131.25,115.87325651910247,138.90637835272085,92.01346593451808,121.84873949579833,5.723207,6.990444455683417,,
1742,141.8418587780788,112.44224857834118,123.68539629844983,123.99775075550056,,87.86878240204194,,100.35909964626222,85.3141802193583,137.5,122.27865372953303,131.22183272714383,95.78025215532486,131.9327731092437,5.664217,6.918001532023721,,
1743,128.12425578613608,113.08902699916112,125.41294191540209,121.08145360692153,,84.43385712886351,,88.96589424684971,89.86038628205205,143.75,121.98302001212858,137.49463872336102,94.31279817039425,125.2100840336134,5.660026,6.915765560855875,,
1744,117.838959856368,114.65904154654018,126.94165810966804,119.38899221791748,,82.52242728158728,,84.65875715354674,90.16408190341528,137.5,124.67404487568223,148.837111497491,88.81415420672664,100.84033613445378,5.695178,6.963738415922356,,
1745,121.7355459833823,116.0929671045972,127.3664079781877,121.14788212848265,,81.68296836233375,,82.69521618317923,87.16972626058961,137.5,128.456640388114,149.43553618083922,94.51064281770182,118.48739495798321,5.750497,7.035611465545335,,
1746,128.98306717746905,119.80998995415963,128.5466809096056,124.95365943521226,,86.922355813956,,87.00907427035118,89.727550926791,143.75,131.0870224378411,154.94166992363589,96.0496118995219,130.25210084033617,5.781808,7.0786536140777425,,
1747,149.493897553005,117.5608911220789,131.3011848994476,130.64746497118477,,89.1247114073055,,87.51455367783392,86.93425778225519,137.5,136.0748938750758,149.73413507290695,90.42880468114596,105.04201680672264,5.805091,7.110423788196756,,
1748,128.0148782401477,126.81782558761495,134.06413015455632,129.24964971419382,,89.67955466093063,,91.06759029169228,87.9914918438171,131.25,139.6831412977562,170.8403620263639,99.92033756292683,131.09243697478993,5.816618,7.127136702539388,,
1749,128.96251264649453,123.52675920176279,134.74028709313512,128.48290089034958,,89.90319775102418,,95.15213613654335,88.0072649045346,149.99999999999997,142.7152819890843,161.59707652186086,92.44264800755965,113.44537815126057,5.851017,7.17279436232214,,
1750,128.04733920689242,134.33027270281326,128.84485993677558,130.34523155254988,,91.05749483669535,,92.62625084018953,87.17133681672357,137.50000000000006,147.57428744693752,168.86721451034475,116.11394186483126,143.69747899159665,5.888264,7.221009194177958,,
1751,123.97170559232546,129.51039924616146,129.242712363255,127.52509381271646,,89.71723068988645,,95.65255923170056,86.80618857285158,156.94058998869363,150.87932080048515,169.12604140732486,99.99936334310742,127.73109243697488,5.921907,7.2654906563793675,,
1752,137.62394235326045,134.42199314603812,131.20319454670604,133.8060047898904,,97.17663002459476,,100.62852046501631,89.26898288171043,151.32593277829153,152.09975742874468,177.81718427928132,101.3379332979026,141.17647058823533,5.960980999999999,7.310738010081235,,
1753,140.1555041692778,135.3299336252801,131.63668247246812,134.9934980671661,,96.14824958797874,,98.55079907848877,86.34759590839143,151.98889916743775,151.90266828380837,177.92717049923738,105.07565694314513,139.4957983193278,6.007521,7.36348791645838,,
1754,136.2973187742452,129.38985061548948,130.29602490060012,131.2112572680643,,92.79749177545065,,97.94282220104826,83.84578440611745,159.01235995477418,153.3353547604609,164.8492115452388,101.75601907056769,138.65546218487398,6.052434,7.414931318126537,,
1755,136.52957994946533,136.1607165507547,134.18257806784993,135.18819924338223,,93.8829492219253,,92.1678805183128,84.76673461528131,146.9267139479906,153.20648878107943,178.28605169781042,110.51958400896393,160.5042016806723,6.096763,7.465070379797069,,
1756,133.47703991382497,128.57548049203382,138.40460698166197,132.89789046819124,,96.63286969121236,,101.25415840977735,87.76763503222665,167.7354430054477,152.99423893268647,154.0950631900003,106.18078450302946,152.10084033613447,6.148555,7.5239509078558795,,
1757,156.44341264846048,132.04081837565903,138.54305087713524,140.5526280989102,,109.35272441756553,,121.54964509481823,88.33150511789542,156.35060129509725,155.3668890236507,174.61447520107467,98.16965539735511,131.9327731092437,6.177649000000001,7.555170073713647,,
1758,162.92425934105265,129.77978100442093,141.6040035945098,142.50773005140965,,110.00052046440457,,115.21802470684757,90.65240162389333,138.13492522355853,155.86719223771982,166.02262764155597,100.21957665773785,131.09243697478993,6.196146,7.5738209246855215,,
1759,157.39164563906087,133.40113393556084,148.5873492275925,144.76207101184605,,103.46062868583208,,97.03980494980526,87.53026519187551,172.6685681981705,156.17798665858095,164.3702729534906,106.48081527300361,149.57983193277312,6.221832999999999,7.599979095918081,,
1760,164.72658957073378,134.0319583881029,154.3231460869367,148.9689049371875,,106.45651494957416,,96.2631104378772,85.46502976483093,160.90425531914894,158.70982413583988,163.4655677142912,113.53734791924191,123.52941176470576,6.262599,7.644908652560328,93.0,40.0
1761,172.37768491919815,138.75342251621333,160.27637067624997,154.89884779753126,,108.27341847638274,,90.04227358118679,85.11232218174058,159.48328267477208,158.33838690115223,173.99594278617852,114.40143343957705,153.78151260504202,6.310339,7.697310720676118,93.7706207679431,40.1956375279404
1762,161.68074548883286,137.2359376984724,157.92714365275407,150.59009963608628,,107.29707709592766,,96.02309153905978,85.47393658666904,164.64823961499513,159.06610066707094,171.89538506803814,107.28452596512379,132.77310924369743,6.338572,7.725884826957718,94.54762708823,40.3922319069394
1763,163.44523904606723,137.7398134571203,154.50233625963804,150.0956572240435,,112.86109685126428,,109.31096591395129,87.21658299610424,182.74822695035436,160.6579745300182,167.70141333905275,113.86679287361268,179.83193277310926,6.326855999999999,7.708151342226782,95.3310718731109,40.5897878168961
1764,161.3290988218126,147.10717208548502,145.53534097014935,150.03183499014895,,113.5226709819194,,109.52275372418177,88.62538713960645,181.0904255319152,164.10703456640388,188.50150052348337,110.77425809499314,163.8655462184873,6.361342,7.7454539145692385,96.1210084732797,40.7883099605993
1765,153.50344442544625,147.98896962637136,147.25681158715773,148.81534646685225,,113.45075709752345,,112.9444166413063,87.22958906052769,179.4326241134752,166.69951485748936,184.79970726876365,123.99644362039245,205.88235294117626,6.415198,7.805217422149737,96.917490681507,40.9878030638384
1766,132.91214342652512,165.98818718117602,149.44578423059554,150.80335324008485,,117.017292179217,,116.97718732585898,87.87303962045382,194.95859972749196,165.67616737416614,241.5819259068582,121.25181335306463,214.52248296478328,6.448732,7.839945660361114,97.7205727363037,41.1882718755163
1767,159.1544310950005,153.2990079967031,145.65347612899504,151.84202282068833,,122.13717961963326,,127.87356539681139,88.92407004246041,184.49009537784343,166.60855063674956,216.3526646556982,110.69372395311332,171.29227348989403,6.467029999999999,7.858415592980735,98.5303093256143,41.389721167763
1768,165.8126171925179,151.93675480993767,145.93761616694132,153.24055295813486,,118.48313290528668,,119.72541159134715,85.46767621737618,193.69807497467053,166.63129169193448,207.99282840956238,117.38373272857787,185.82071255672935,6.486827,7.87812025076021,99.346755590541,41.5921557360482
1769,181.85981139209403,158.13618552259663,151.5036768604195,161.90004381689516,,119.78880238064245,,105.98577916747001,84.70590623076598,203.08667854522594,167.31352334748334,222.7910994590546,117.41808994987207,201.77233099951252,6.5309989999999996,7.928987911004733,100.169967129098,41.7955803992961
1770,164.74967582216803,157.19195546163294,153.31519444971727,157.47652259081624,,117.04339490780272,,106.1642286687709,84.22320772817794,198.93617021276603,167.5333535476046,210.0559661730304,128.39805650308986,201.79734329622607,6.579743000000001,7.9835491640198075,101.0,42.0
1771,175.41581185622482,157.35298556702637,153.20381821556882,160.41839524057352,,125.6365689408767,,122.39388624503975,84.47462260052806,220.9111779045276,166.38872043662823,206.04089300622528,129.15701805533016,253.21347773288346,6.623359000000001,8.033077737594171,102.408271352266,42.7387053013567
1772,150.7356751268932,163.36352283389658,154.25596548415902,156.3205131327854,,126.5180488164972,,131.56222033088366,84.6689171341753,236.20074314249902,160.68071558520313,215.9338310759223,134.64766560788453,263.7382589864977,6.673919,8.09252372187677,103.836178627322,43.490403115148
1773,175.79641668108235,154.97072932929126,151.7253755821881,159.1077391394708,,129.43357295149482,,135.44033615092707,83.34527690281618,216.71129860601636,158.89933292904792,197.76183943648113,127.60212054254762,242.64206088074718,6.726828,8.15440481692786,105.283995614349,44.2553219565599
1774,169.2468240386442,148.64695792617732,153.68136766720352,155.5684573228248,,128.54654791869257,,137.49640029086856,85.52613437461687,203.99450926561445,158.12613705275925,187.06459326330122,121.96974894107653,214.77391475333064,6.775929,8.21249777080606,106.75199992005,45.0336943599542
1775,173.607453388913,157.1723794963121,155.20715238777242,160.5388247779211,,133.69510557625043,,132.15256536151142,89.74754012088343,219.41489361702136,158.9827167980594,197.54675909274874,138.69434162292384,258.480034349506,6.8479470000000005,8.297891327731257,108.240473021878,45.8257569495584
1776,179.92334148078498,159.09505805207647,163.222485118943,165.73876432523554,,135.8174872843415,,119.24827356504788,93.59594271014056,239.1071837108214,159.80897513644635,209.74543219502942,129.73553331005775,252.7898407931803,6.913474,8.375749157623915,109.749700322002,46.6317505113994
1777,186.98367891490759,162.69093171528323,167.5829981567484,170.5332068990806,,143.64159325109074,,121.46456828812396,98.50732663206863,237.23022954320126,164.20557913887203,212.37427878579902,134.93560742937126,264.8789613248687,6.979029000000001,8.456019325605928,111.279971202035,47.4519200665021
1778,179.9533692381797,164.95883061163343,167.19647672920834,169.34378715569355,,142.45519318796815,,122.1402191770673,98.02817117117478,227.4365133836652,164.28896300788355,218.32531720625025,136.12915932253512,278.7264931724872,7.050435,8.543664190187622,112.831579078519,48.2865149453755
1779,184.17119450445324,157.6107311878183,170.67754472431182,168.88026373305425,,136.92189113975516,,110.53721178874403,97.50886976473274,216.97170746587315,162.47725894481505,201.5473184090931,134.3090555478498,267.5062904185396,7.116142,8.622542082880464,114.404821459186,49.1357888638085
1780,197.18512269368807,163.5060445167827,176.249716984785,176.59574436623936,,142.3890427414314,,109.37497807720926,98.19458683842745,245.41962174940903,158.1791995148575,205.4889870901672,150.00364105283512,260.25941106958857,7.1547600000000005,8.667861977530935,116.0,49.9999999999999
1781,216.93105166717746,157.48375373166448,176.83237809379688,181.62651597566693,,165.6088132132094,,120.45017005471715,118.54396534115,245.6833839918947,157.29987871437234,206.48153862229768,127.21822422269184,263.3004247406637,7.206139,8.762727170226604,117.685422313015,50.3862897621337
1782,193.06491712822995,170.2626156095337,183.76831776596714,179.81693315793586,,164.51380123273586,,124.13707097892508,116.39081771155159,245.9471462343807,166.0021224984839,235.32775739094694,135.11277054110778,284.9532128945167,7.230818,8.829017771336586,119.395332974075,50.775563919874
1783,188.08115456285415,181.25307105346968,175.9974867271527,178.89136669658905,,160.81431288302136,,138.45205513968156,106.32583850044428,262.0954832173085,170.4214675560946,247.43268341607723,152.88118929514098,456.2783367840739,7.284,8.845714094320543,121.130087786699,51.1678455300503
1784,192.24850221966227,177.4820537340429,177.3470594688956,179.59711506419205,,153.7792573304493,,134.42065480742943,97.67090127593109,270.32705820832103,166.57822922983627,254.2761487127276,136.96705891828677,316.8304635087177,7.300587,8.929211515467232,122.890047724055,51.5631578276243
1785,176.82778855773918,182.89565094719174,184.17938031678773,178.34544984693255,,151.46622028486152,,129.37297182405575,98.5930840980692,278.5756501182034,192.3817465130382,264.50403579170904,135.23147775603604,305.96822670674067,7.367578000000001,9.012614625508798,124.675579004069,51.9615242270663
1786,188.47658468560957,188.85414120219278,176.29174325642776,181.4650292296758,,163.9960152339086,,128.61212731281313,113.14072563058008,283.3486012608354,213.61431170406306,271.2606220867176,143.8594626166982,389.4637039702255,7.433688,9.108280809323965,126.487053165634,52.3629683237419
1787,168.89441195442708,196.09661218173412,180.3886534018064,178.44409006244794,,159.00671653335996,,126.09603980384296,110.66599545021603,255.1933749859282,225.69739235900545,290.25955356208425,147.9898287765681,403.310293030727,7.508406,9.2149523959016,128.324847145918,52.7675138953098
1788,166.82497379796752,195.28395594800332,181.99676519085688,178.03538143144462,,152.66237137471367,,127.70030994554713,100.83954743972414,301.26291793313067,250.06822316555483,282.3787587769863,145.27708472072885,369.7433117140725,7.59159,9.309160325849406,130.189343358798,53.1751849031299
1789,171.08177528503262,199.22423078377133,185.93723921447489,182.01986229353895,,153.86232584978043,,132.78170436744915,95.25915871497351,323.1818079477652,261.3553668890236,306.7398728338719,137.74282980046962,331.4306187809257,7.665834,9.432863078093044,132.080929774434,53.5860054936829
1790,195.53295236145053,211.500444618349,191.13036255220422,195.83409068902026,,170.82167277059247,,135.93508173773589,96.840054345038,311.0815602836881,292.59399636143115,309.2777626553482,161.09055169372,376.1503740490936,7.7621009999999995,9.54039941755421,134.0,54.0
1791,194.32888177075836,209.80096385113413,196.3772700436286,196.67299560395472,,171.38336171564495,,133.16163093119,98.00646370084591,334.2287921271099,302.4029714978775,312.13829959200376,147.49179416072113,347.9773757891988,7.8456779999999995,9.660132298143195,142.27654198423,56.8301280740419
1792,197.48032075281057,227.4049475639091,200.5739919843419,204.57670464311585,,190.6381931650823,,135.58469338606923,111.09603128324439,339.9513442190335,318.76895087932076,339.08057833349795,172.952737699202,491.85459557287714,7.937411,9.771111046042206,151.06428655963,59.8085825354076
1793,198.72494398568884,213.72681418182023,201.97538742167387,201.25941397760187,,185.32956271380252,,143.3839932602468,101.56916925531243,320.24873091795433,333.83110976349303,301.0274434439795,163.60621391856697,389.2137307043849,8.022417,9.873352281442246,160.39480827626,62.9431371372986
1794,170.1431668463717,212.1296811755989,212.82373342938175,194.74583205461633,,180.15652793296977,,148.6966484048916,98.56779768330395,309.18727206919976,336.3250454821104,301.6152414126913,154.88803238520472,341.782906912645,8.100997999999999,9.960724683079192,170.301631893806,66.241973053605
1795,213.30571552562506,220.43481074110528,224.60762201415872,215.89882317695168,,223.461382290413,,167.38423567226093,115.09763931538713,356.2647754137117,354.75288053365676,316.66276497953334,161.80265689891408,378.40274796049755,8.169106,10.073806800565047,180.820352836731,69.7137002317335
1796,212.44285267811577,231.70769612012631,226.66988092049127,219.77329223545277,,234.2121634961496,,185.0462933185727,112.45875961889062,326.95653966683165,357.3453608247422,321.0559897753247,186.15900779651702,536.8769225473493,8.256325,10.174481845746017,191.988765089391,73.367379864533
1797,206.52036137533787,218.94599522475633,239.53618717773196,218.1781603065668,,231.91616965110262,,164.95252033328828,120.23702496902872,347.7527626587505,415.6306852637963,294.59266862493484,172.58090709190063,421.4191284860112,8.33374,10.308183435586795,203.846996990607,77.2125480399685
1798,211.4825881168483,224.19904141079923,235.975061793111,220.27513620653468,,240.3108108230504,,155.8398338472938,132.2254362604875,308.88174171202377,455.9960582171012,320.921630985975,160.88607692981952,322.9652368857202,8.435048,10.427015608092965,216.437655415622,81.259240630269
1799,204.05109166522143,245.94269723251986,240.75131542547737,226.0642424545617,,263.6066053491039,,176.51381280177972,138.89364758933513,355.81120457419263,477.1300788356579,385.54576871191307,163.4321818569447,318.57958024118943,8.525739999999999,10.549393198921283,229.805978863501,85.5180194855108
1800,201.87830987639148,280.42425219330835,244.1219637546146,237.0825865347939,,307.6557556725349,,246.98297734240816,130.47018450029086,421.276595744681,534.733171619163,385.48820176450806,253.14410377957714,420.5788385062566,8.619513000000001,10.614056386571129,244.0,90.0
1801,236.64638180984713,257.2248256876862,236.70468988783085,239.2140006500584,,329.4006452352604,,276.5468727715747,134.3579531829697,359.3428860906066,590.888417222559,358.0624293416343,201.81319056481732,484.21809857421437,8.671439,10.686,259.630929999234,97.234798742891
1802,223.83796375107653,256.6924399549345,258.1076177665558,241.93177134572196,,275.84719450529286,,195.99637417646122,115.12780553213742,431.95578231292524,610.8171619163129,371.23491223413066,181.83698148053037,367.73291489668975,8.730844999999999,10.774,276.263195951915,105.051178739672
1803,211.05426786376435,265.4065522149958,247.8089400968916,236.81045226238538,,267.4719181152792,,181.66314280497593,117.69341537536779,432.28614850195476,659.9530018192844,380.57413850344636,199.23625089881537,429.42761144168674,8.831874,10.898,293.96094462933,113.495891360616
1804,202.69225542474237,269.1611548143132,252.05259452489267,236.56567012290344,,282.83331036083297,,185.15096013488858,131.12764243360004,480.22506875090477,641.4190418435414,417.66028236478996,182.9708327205895,422.96175953524335,8.945472,11.049,312.792432121174,122.619446162162
1805,228.33313645747975,277.94326392046224,260.87712379121626,250.9320721065318,,309.49951326107606,,216.75997085544876,118.88489131992289,480.76241134751785,653.2519708914493,410.59633817278626,194.800732567772,447.23057106054034,9.092471,11.215,332.830287083372,132.476412994917
1806,222.9106229906856,270.2948768147302,270.3443467113007,249.93405847111313,,310.85552413128966,,208.03305826299328,125.12773481161581,502.1709806854184,711.127956337174,403.46630735714206,174.41985458368094,350.0777638753251,9.232495,11.378,354.151790849869,143.125748397121
1807,239.870001498122,293.8277274188059,280.258111307777,266.2691407141742,,335.55838717498676,,215.46177613557757,123.0167490175653,454.5490851975143,769.5042449969678,450.6123072871443,203.11104375057346,505.5587530777161,9.367758,11.536,376.839175488713,154.631148225775
1808,234.740360239607,267.6767918747429,272.3178038259716,253.800756019234,,324.0967303221548,,224.79880754120393,121.92757543555753,525.5752360045669,803.7295330503335,388.1972382671936,166.2526540952348,300.38350164979636,9.49847,11.686,400.979940951964,167.061428634615
1809,238.802387985138,274.4265212273765,285.6675632281473,261.75855152499685,,359.77619155030186,,241.01771031093722,138.56530785388514,467.721718316956,801.917828987265,410.49081549854935,171.08579337231583,367.34990734906876,9.623669,11.839,426.667192542609,180.490937677629
1810,231.4556900396933,319.6240506662708,301.78770318083144,278.62494851200364,,399.73788952878186,,255.27562946537503,142.27511829014165,539.2730496453902,819.0191024863553,458.5071126479506,237.39314813543103,636.1363308589575,9.737937,11.989,454.0,195.0
1811,210.47306467333632,334.5412090659232,300.5638081594438,275.6977749508818,,381.30669899765365,,249.07126367687357,129.46889500351855,539.7191029682166,903.6309884778653,500.28212154508964,244.76983655580585,653.4231629827141,9.863959000000001,12.146,449.285702497475,193.871036648374
1812,209.71637981589276,306.52023918455484,293.11482317973844,264.30058613350565,,389.4070607784192,,291.02124775318316,129.8400131621038,550.1516942474384,898.5142510612491,455.2953774173661,209.37562395538433,464.9066374958186,9.988059,12.331,444.620357860462,192.748609492898
1813,253.45797315502233,297.71809201629026,299.8251863751693,278.6706460033259,,420.24182492014336,,281.98808507804824,140.28335904418654,539.4301615445236,884.7710733778048,451.26489519321734,184.4037387016367,347.64055158620897,10.14077,12.528,440.003457766556,191.632680691902
1814,221.96360795517248,293.73109666339747,316.7260988007783,272.4764566432705,,395.41226669111643,,239.11415165546975,149.71345185868557,614.1124901497253,866.3432383262583,448.45753874942585,168.8825979301858,249.84281804302125,10.274049999999999,12.725,435.43449917173,190.5232126228
1815,235.6921143093064,338.50585911931756,348.50422592535415,301.6337161227951,,408.9950125384977,,213.9192896071042,139.68977849787845,614.3617021276598,854.5861127956338,503.261864889716,227.83333420019954,538.6002576212961,10.45806,12.937,430.912984255522,189.420167880825
1816,224.53811322846823,317.11154102812867,332.26834250433234,285.7907949726704,,363.04779743315225,,207.92145470463396,123.17874942323289,656.0002251491615,707.1103699211643,484.07087074768936,197.22207959398176,412.1475479431391,10.62838,13.155,426.438420366797,188.323509277767
1817,242.94749956845743,340.4008474992651,306.74375944878796,290.58689624640834,,381.09555530644894,,238.61729701547222,119.06421406682546,610.172051484109,690.7519708914493,574.0461499338236,195.90732834423193,394.71921237145006,10.801770000000001,13.364,422.010319970066,187.23319984072
1818,223.08812265637096,357.46586995543066,310.1947082640628,290.2786129015635,,394.5615919952443,,245.62622043239247,128.8084174002308,651.5113137453562,732.9214675560945,600.2475832443145,213.8439787469752,448.1923440444062,10.95725,13.569,417.628200592369,186.149202810834
1819,216.3527829954175,351.7099284586917,307.9788185211212,285.4773034007784,,365.25991905587904,,236.10938529573932,113.5869172876828,627.6246294420047,727.3726500909643,563.0881397503139,229.51349258356132,543.5586324847472,11.12151,13.765,413.291584770702,185.071481642077
1820,261.4794244690557,365.0738848579894,319.29915584210147,308.6968792107554,,369.3370114353765,,211.9072350506706,105.75588658878232,679.3735224586289,825.6443298969073,579.4702272664027,242.14643073125427,516.4688929916025,11.26775,13.974,409.0,184.0
1821,258.5632492503604,377.4718149468728,328.03370943493644,313.99141436206884,,349.5394328151399,,187.15783038948592,98.0718948711768,664.7658475148239,993.1852637962401,634.617433769439,223.40311817922333,533.5451525330365,11.456809999999999,14.206,409.0,185.633197955908
1822,251.8608262225569,391.31940888090026,341.44228157599184,320.09900369357797,,331.5638380748003,,161.22126143647137,92.99543515799611,693.7493756867448,924.09793814433,682.0038175290689,228.29873076662875,522.1601222502799,11.65227,14.446,409.0,187.280892300747
1823,255.04498963069366,417.00112243543225,347.3347293000048,329.5776745139734,,350.67651873725447,,173.29731844565742,93.92486188554321,778.8192247786694,1140.2137659187385,712.1944867741713,232.712113809583,554.8798197322643,11.83911,14.681,409.0,188.943211705564
1824,262.9192868245451,453.3929519119449,364.3165584791463,347.7044158161656,,380.3918735881922,,196.0381096127743,93.48194991661123,786.8058099054002,1339.8044269254094,751.9721093396113,264.2464705293232,631.9409356189427,12.01661,14.9,409.0,190.6202859835
1825,263.34046526218395,481.54941695262943,367.28594321577407,355.5679093359371,,428.73759537164574,,212.73039145913594,106.46966719251041,806.1465721040191,1401.9026682838085,795.6147113315169,296.6070898041528,711.4212108200937,12.207690000000001,15.108,409.0,192.312246099929
1826,241.53481115134338,442.94037661078755,362.10640119300706,336.52361253633995,,370.7797488714133,,201.52512473159518,91.04571063603653,863.8336459524156,1270.5579138872042,647.7054108087478,307.78213376179286,721.4640179048021,12.37375,15.307,409.0,194.019224182683
1827,263.5523174461642,488.7290358715024,380.24899505980244,362.4996211040471,,388.48540480691133,,200.8889851299581,86.21294321208654,797.9803549428959,1666.926925409339,839.5463917220926,265.16933186370136,605.9550329956783,12.52784,15.506,409.0,195.741353532368
1828,235.25604474299206,517.6991779858656,392.30472190622874,363.614178000891,,386.4082640712826,,196.2662082822494,86.35938266128048,810.1151622104586,1690.7064887810793,892.411979248174,280.79537888047474,654.2316291428878,12.72769,15.726,409.0,197.47876863278
1829,245.45353134575748,515.1854884662386,392.08432180224884,366.69947267382156,,373.0039887023815,,186.7068339385823,80.42472195483661,886.57939969737,1665.767131594906,842.9875956533027,296.51624255908115,743.8779839522759,12.903030000000001,15.941,408.999999999999,199.231605161402
1830,253.77033271799502,553.7790603500183,403.24226975928826,383.16665494839015,,389.9581745958182,,185.8659415448737,81.01514926823563,960.874704491726,1648.8098847786534,963.1553642135256,302.1689312114516,680.3571741882673,13.07414,16.15,409.0,200.999999999999
1831,258.83632900674047,561.9740169345331,405.39403002443686,387.7915240388707,,382.1544916507965,,187.19297819390513,75.18621529998805,970.5442781744971,1460.2410551849607,993.0723151800818,328.10794721999594,804.0580710579933,13.25405,16.368,423.685182444391,207.324920709545
1832,279.8045492519459,574.7893999130132,408.8112075233852,399.84948026130576,,400.34415149359717,,176.46027136244825,82.04552509306879,1035.4246301576864,1542.2453001819283,1005.6857036410953,343.19917331810234,872.1270228136825,13.39434,16.563,438.897637708892,213.848869389149
1833,261.0378419378095,600.4162271126061,418.86699919773145,402.8986037473669,,385.39170896146993,,165.29292886253762,77.79441609025807,1045.3228101245943,1905.1394784718009,1080.2292035700145,339.1564440393957,838.1755901888666,13.56508,16.75,454.656297572382,220.57810890513
1834,266.4257157448174,617.5365502965241,428.40886333992233,412.66809210006954,,407.20397555381925,,167.0712397932934,82.43153785277909,1054.7637775232272,1925.13644633111,1090.2420703866867,347.3544941282111,802.2903100804486,13.76037,16.967,470.980773560992,227.519099199092
1835,308.1805568676171,661.1959440007222,442.18918711367525,443.6730656552099,,433.33580240068693,,160.26503871510465,82.31167394716888,1146.483451536643,2278.373256519102,1119.5887828042707,388.3428592829705,990.3392013739792,13.92132,17.196,487.891381354498,234.678503489348
1836,293.71122214614076,697.4268596567412,471.5607226780828,458.49549967299293,,481.09898593422355,,171.94610365408033,88.92652102584813,1203.675363597037,2373.650697392359,1298.689330844888,385.04608636653967,914.3647446232361,14.09952,17.425,505.409166069013,242.063194667481
1837,303.65888078755097,696.0540525844483,452.8208459680884,454.3363897912054,,471.6632553155668,,177.51283182897825,85.21324392907373,1314.069589913723,2538.2807762280167,1199.7811792615084,401.11343794313206,1012.3519130026331,14.26131,17.627,523.555928447475,249.680261896192
1838,305.3272847769574,735.0321537384671,473.45087220019184,472.2374206745239,,492.7015413417336,,182.90163412842782,85.08032157001018,1329.9084800212033,2758.141297756216,1330.8857614374595,409.85950155069145,966.7366859524068,14.416,17.836,542.354251990491,257.537017414759
1839,290.02305700835916,739.1071742375697,477.5535833025581,469.18766144207507,,504.13421203034494,,194.70041826797456,87.10278175288983,1322.1085360763814,3049.787750151607,1256.2546778394426,417.87994538068807,982.7196700901513,14.59444,18.088,561.827531061327,265.641003558645
1840,313.4488220356387,769.1479683239108,496.32962320604923,492.289796596125,,496.3029356279151,,194.69623565753216,78.56989106253259,1355.6914893617025,3408.586308992963,1370.4513193910884,426.34288622822936,958.3984045756652,14.76938,18.332,582.0,274.0
1841,289.7045934700384,758.9781670102157,500.288239039835,482.77583474005183,,473.8,,185.82076640203329,75.4901877776093,1414.6444584764413,3587.985588413646,1329.6924764701776,398.33713198422214,914.1825068727669,14.93671,18.551,591.905817436636,271.823849567871
1842,315.5864162200486,704.0145009404669,496.4868193532635,478.0592791900494,,438.5784134266219,,173.08979724018639,67.98548974417805,1431.0949022964166,2556.439731744723,1294.761779186411,350.87629412949906,673.4924572748014,15.130469999999999,18.783,601.980234906069,269.664982459477
1843,315.77896612034374,757.7119284007142,524.8056066079773,501.9039658271094,,443.38973664806264,,159.62719305268058,64.98613674690496,1373.988924363821,2690.989191310234,1463.6272201100612,379.3055125318858,873.3091946288216,15.31042,19.016,612.226122032259,267.523261407983
1844,346.0052062127978,852.1134614404812,552.7206116554596,546.0723112367593,,477.0017501347046,,164.41081830257403,63.86729922652082,1348.588382587038,4798.9307245032505,1589.692380159534,403.06048010576666,923.9000928667499,15.508209999999998,19.248,622.646397281042,265.398550236751
1845,326.0933633942196,941.4845342112004,581.867186154549,571.1041016225325,,514.5283207846834,,168.9529142616424,66.22114119470797,1656.7612293144211,3677.6852281239867,1728.4995921676712,508.03041482813444,1338.085015027907,15.69148,19.481,633.244028791429,263.290713850678
1846,319.0857368716925,943.8568445747052,586.8065804283887,571.0506760291182,,515.8184449357049,,173.46101629715574,65.70211163865554,1575.5480081379392,4215.883066386034,1668.0644377986564,538.0952812261886,1517.2555369869945,15.910020000000001,19.714,644.022035221064,261.199618227607
1847,339.21821309144605,888.2181634579691,583.9354437334708,564.432993600146,,552.793905024367,,203.92746129582258,69.34685548674334,1790.8909662714475,4664.38126493774,1363.4357916268902,490.46794329440166,1246.733221178679,16.03783,19.947,654.983486606065,259.125130409804
1848,319.2096636252646,955.124003726169,622.6730193957404,588.0686070080045,,506.7853179675592,,168.76473269283701,60.81093337369203,1849.8135126785628,4843.780544358422,1684.7317667656698,499.71829830718804,1346.5730284960105,16.16532,20.18,666.1315052355,257.067118495509
1849,337.18293296261726,948.904481715403,647.588869726946,603.2259549309988,,503.87073524804185,,155.2472055428701,59.82287592323306,1747.8827101571135,4933.480184068763,1780.3601223399305,470.2230541311432,1134.8066308966722,16.35821,20.413,677.469266540748,255.025451630546
1850,309.6919308162034,957.4038891740109,654.2856660401696,597.7512702081011,,467.8439477480588,,140.27262764443674,54.11684074109249,1912.7489972130124,5381.978382620468,1705.3068410627532,482.7569320542408,1058.0907111668425,16.50609,20.646,689.0,253.0
1851,323.2169074493435,1004.4073016700117,681.992252352232,624.7109991410499,,468.1920451316583,,139.21624240664227,49.892975571803674,2083.5422070838304,5875.326401027345,1790.2672292410557,498.04265571678064,1066.3575547049172,16.736084,20.879,,
1852,344.7590257019704,1062.3553965664883,698.0254827288002,652.4825280244972,,505.4579228071826,,146.21398728684244,51.81802782782159,2072.6336091409826,6234.12495986871,2006.48950522311,519.9552771040319,1113.9141365739272,16.952384,21.111,,
1853,297.48459838532955,1170.2545323084184,735.9197423998052,675.2302435402961,,579.9003793788547,,172.83001656333136,55.427927069208984,2050.8164132552884,6772.3227981307555,2168.0111875726043,573.1406378820891,1341.043177498334,17.144592,21.343,,
1854,370.0392954604739,1190.9954543482097,738.7048273096227,707.8685624732549,,654.6877906227635,,193.78827340563183,59.5130408004889,2454.434537140637,7041.42171726178,2111.880227363723,617.1736579650263,1508.1734896336447,17.352736,21.575,,
1855,339.0948644751943,1156.1116565941443,747.5538969546469,691.9392110305139,,634.8645711290843,,199.12192975828526,57.472323909906805,2496.9214199406747,7400.220276103144,2094.1007918120004,555.778778290206,1459.8110777157556,17.516176,21.807,,
1856,341.1472892621978,1233.8822319509354,816.2628153295249,738.2178081028015,,681.2404084899573,,198.5311464426278,59.35324861248876,2581.89518554075,8207.517033496215,2278.5722739879916,578.2095770575154,1403.606698153712,17.76392,22.038,,
1857,322.47054971424626,1296.398049228048,818.9887767059854,746.9057770021284,,666.7831084366934,,190.68919418806215,58.249096673299874,2676.673616402372,8207.517033496215,2349.279500225775,607.939582438899,1487.7629884070393,18.015056,22.268,,
1858,344.2569402134198,1224.3063286499753,807.1939338764677,733.5140370262632,,605.7613701486317,,169.36825507530475,52.911726491785814,2624.3820683407866,7803.868654799679,2214.70811295095,598.5864458145758,1574.924860455128,18.2268,22.499,,
1859,319.34559467695397,1330.579348297631,845.2175645514965,764.1730154613005,,672.4452697258631,,171.5909236610511,59.64369178039196,2706.087612187013,8611.16541219275,2521.842500096786,625.4855711362736,1671.1034778875028,18.44232,22.729,,
1860,281.60153201675155,1393.4754405134015,883.9830123367439,780.3596926182747,,705.9034238800831,,189.41518155483413,57.004045246114146,2872.7669216333147,8835.414511468602,2669.9804024793693,660.3171601459563,1782.3100042936858,18.682352,22.957,,
1861,308.77555299156836,1344.2001118009478,882.9402935693836,778.5408701153061,,710.5369880639972,,191.73804559937759,56.99553455531196,2915.253804433352,8431.766132772069,2455.1826598971525,652.7111313063631,1610.991841992269,18.937536,23.188,,
1862,300.1615108243973,1271.6872424593528,854.8925030358184,747.3467695204935,,694.880003474037,,185.94362966559834,62.60155662742007,2977.350017756484,8925.114151178943,1616.7711098849384,730.8767236273952,2016.745384285097,19.197408,23.469,,
1863,409.3999218954113,1351.7213452111646,889.1196566743029,819.8152792692673,,825.6692728824127,,181.48714587980814,75.56635777920077,3127.688218433541,10315.45856668923,1720.8317693598597,777.9794324169218,2109.91841992271,19.453744,23.753,,
1864,408.52413903882365,1419.2263279131562,912.1367922042064,844.3402871202522,,891.819903779902,,172.66854795010607,86.24954802996231,3238.807758064408,11033.055684371962,1771.0812208762034,809.7427792299574,2236.152855302702,19.689072,24.04,,
1865,361.2910669401931,1519.3339241257097,954.4970316706472,867.0877196156662,,867.0342783758408,,188.71835213412524,72.92849507203317,3343.390854187578,10943.356044661617,2140.7591437377196,844.8487245943701,2335.337054529837,19.930656,24.33,,
1866,354.6585187597949,1583.8479916727167,997.9698481375718,896.9920514654792,,896.9747466332395,,198.80753335098177,70.42285761196803,3428.364619787653,10270.60874683406,2416.1669292400875,863.3857049883637,2422.498926577926,20.166624,24.625,,
1867,359.0156342578569,1583.7784707254625,1009.9688032455535,903.385867706805,,883.1033112735906,,207.32080685984494,63.25523346027323,3477.3879460953885,10808.806585096108,2539.095330781449,848.5397329471728,2515.6719622155388,20.426416,24.922,,
1868,386.4691144759009,1667.0226833176578,1053.107426903358,950.0463844787838,,911.5870629248609,,203.3702031522896,61.46689060887569,3536.2159376646714,11391.854243213325,2661.6906598088485,898.640714936354,2593.817088879343,20.72496,25.224,,
1869,398.1217102255574,1667.0572398242862,1070.2275592269361,961.2019979082985,,949.0692499794582,,197.7270135244737,64.61784751193814,3624.4579250185957,12333.700460171907,2463.83295645164,935.3522985338925,2662.9454701588616,20.97896,25.529,,
1870,383.66164849290936,1813.1949029904717,1112.3608891904523,1006.5859179428799,,1026.1252899725878,,195.60597779052998,70.43345378801253,3774.7961256956523,13679.195055827025,2858.050036212611,960.9945346445791,2744.0961786174275,21.239824,25.838,,
