action,canal,miles,year,region,reason
set,Kennet and Avon Canal,57.0,1810,SW,"Canal section Newbury-Bath opened throughout 1810; the table dated the whole route to the Avon Navigation (1727)"
add,Kennet Navigation,18.5,1723,SW,"River navigation Reading-Newbury, split out of Kennet and Avon"
add,Avon Navigation (Bath-Bristol),11.0,1727,SW,"River navigation, split out of Kennet and Avon"
set,Oxford Canal,78.0,1790,M,"Completed to Oxford 1790 (1774 is the Banbury opening)"
set,Coventry Canal,32.7,1790,M,"Completed to Fradley 1790 (1769 is the Coventry-Atherstone opening)"
set,Birmingham Canal Navigations,22.6,1772,M,"Original Birmingham Canal main line Birmingham-Aldersley opened 1772; 1794 and the 29.8-mile length mix later BCN works"
set,Warwick and Birmingham Canal,24.3,1799,M,"Opened 1799; 1794 is the year of the Act"
set,Warwick and Napton Canal,14.2,1800,M,"Opened 1800; 1794 is the year of the Act"
set,Grand Junction Canal,129.4,1805,M,"Through route completed with Blisworth tunnel 1805"
set,Rochdale Canal,32.0,1804,NW,"Opened throughout 1804"
set,Stratford-upon-Avon Canal,25.5,1816,M,"Completed to the Avon at Stratford 1816"
set,Lancaster Canal,60.9,1819,NW,"Main line completed to Kendal 1819 (1797 is the Preston-Tewitfield opening)"
set,Calder and Hebble Navigation,21.5,1770,NE,"Completed to Sowerby Bridge 1770; 1794 postdates the main works"
set,Leicestershire and Northamptonshire Union Canal,48.0,1809,EM,"Completed to Market Harborough 1809"
set,Bridgewater Canal,10.5,1761,NW,"Worsley-Manchester line opened 1761"
add,Bridgewater Canal (Runcorn line),29.5,1776,NW,"Runcorn line completed 1776, split out of Bridgewater Canal"
drop,Grand Union Canal,,,,"1927 amalgamation of existing canals, not construction; double counts Grand Junction and Warwick canals"
add,Glamorganshire Canal,25.0,1794,W,"Merthyr-Cardiff, opened 1794; South Wales canals are absent from the English list"
add,Neath Canal,13.0,1799,W,"Completed to Giant's Grave 1799"
add,Swansea Canal,16.5,1798,W,"Completed 1798"
add,Monmouthshire Canal,22.0,1799,W,"Main line and Crumlin arm, completed 1799"
add,Brecknock and Abergavenny Canal,33.0,1812,W,"Completed 1812"
add,Aberdare Canal,6.75,1812,W,"Opened 1812"
add,Tennant Canal,8.5,1824,W,"Completed to Port Tennant 1824"
