outcome,shift,t
Coal,1,2.709929713652748
Coal,2,2.5625642554876915
Coal,3,2.4755947232599693
Coal,4,2.3295749627744593
Coal,5,2.3585713389289205
Coal,6,2.3264753082265788
Coal,7,2.0616869989161164
Coal,8,1.9858976974723839
Coal,9,1.8930713220051574
Coal,10,1.82067552912748
Coal,11,1.6856501180012047
Coal,12,1.6071462742163907
Coal,13,1.5579806629202315
Coal,14,1.4999431720809313
Coal,15,1.3390066946835382
Coal,16,1.3979928381337428
Coal,17,1.3331721182289509
Coal,18,1.5600739109562556
Coal,19,1.6411161623852641
Coal,20,1.758797792122784
Coal,21,1.814853149358889
Coal,22,1.8976676629690383
Coal,23,2.048273021171173
Coal,24,2.257944255895167
Coal,25,2.3884710163506644
Coal,26,2.548241021026171
Coal,27,2.6907821052778464
Coal,28,2.6828118446797404
Coal,29,2.817954653545795
Coal,30,2.920527348576132
Coal,31,3.0321929362245887
Coal,32,3.2141701162556693
Coal,33,3.2864045081120272
Coal,34,3.316857713460423
Coal,35,3.333359751302851
Coal,36,3.3071982930922488
Coal,37,3.2247688530259735
Coal,38,3.2155417954556786
Coal,39,3.1324917431542327
Coal,40,3.077136817921838
Coal,41,2.9213769104855336
Coal,42,2.8006773692248714
Coal,43,2.744444746948861
Coal,44,2.4974489543449034
Coal,45,2.307971005474972
Coal,46,2.1541814993182933
Coal,47,1.92940976797029
Coal,48,1.7465214910765052
Coal,49,1.3999885417493247
Coal,50,1.1099795873589975
Coal,51,0.7241092827632226
Coal,52,0.23041310245860971
Coal,53,-0.33813875759353434
Coal,54,-0.9397992596560355
Coal,55,-1.3103403494317833
Coal,56,-2.0092416966894424
Coal,57,-2.329390746302292
Coal,58,-2.8057615925616175
Coal,59,-3.2089991964855433
Coal,60,-3.7263143714907137
Coal,61,-3.984491211585855
Coal,62,-4.641712208447627
Coal,63,-5.086930717046332
Coal,64,-5.302915971484144
Coal,65,-5.851841023564949
Coal,66,-6.126305677237305
Coal,67,-6.420912489479706
Coal,68,-6.51947703041927
Coal,69,-6.5911622651362025
Coal,70,-6.45659384291742
Coal,71,-6.0482725911565804
Coal,72,-5.747022420538883
Coal,73,-5.694181643666126
Coal,74,-5.2811363857936895
Coal,75,-5.024829323081235
Coal,76,-4.615593311303335
Coal,77,-4.158351358131531
Coal,78,-4.033028046012091
Coal,79,-3.8139290204729077
Coal,80,-3.4813420019657415
Coal,81,-3.262155558160931
Coal,82,-3.088496756246833
Coal,83,-2.821594652904333
Coal,84,-2.677075551600984
Coal,85,-2.4682253151181515
Coal,86,-2.31310882561227
Coal,87,-2.229356452834642
Coal,88,-2.069405833626376
Coal,89,-2.019402402673352
Coal,90,-1.8556334804396186
Coal,91,-1.7601078077323453
Coal,92,-1.6972200753579187
Coal,93,-1.6258826981166161
Coal,94,-1.5905730026875908
Coal,95,-1.5221023123341515
Coal,96,-1.372277322726385
Coal,97,-1.2746151275718418
Coal,98,-1.2515411785579216
Coal,99,-1.2293035675775534
Coal,100,-1.0767651493221015
Coal,101,-1.0038974950694186
Coal,102,-0.8833483400995205
Coal,103,-0.6180497987810059
Coal,104,-0.507816545601172
Coal,105,-0.37206839185875873
Coal,106,-0.18364031948079607
Coal,107,0.13937412422266027
Coal,108,0.40016425934100325
Coal,109,0.7044895500412577
Coal,110,1.0405161481687772
Coal,111,1.1480441866111886
Coal,112,1.4690120389827626
Coal,113,1.5761688942913998
Coal,114,1.9971133244577646
Coal,115,2.176477223854402
Coal,116,2.246269337881384
Coal,117,2.5365411399941715
Coal,118,2.577879897911141
Coal,119,2.5481075856849174
Coal,120,2.7245752165505253
Coal,121,2.9093438073483773
Coal,122,2.9747246190901793
Coal,123,3.090900771281999
Coal,124,3.0969412726418293
Coal,125,3.384485649626282
Coal,126,3.5276473092694856
Coal,127,3.3290138197336567
Coal,128,3.339264263544801
Coal,129,3.544824013016081
Coal,130,3.245722073974851
Coal,0,2.965079874377727
Ind,1,0.3827546702980845
Ind,2,0.413038996559602
Ind,3,0.4370316328514401
Ind,4,0.6022967044137061
Ind,5,1.125246382437941
Ind,6,1.3258678060999576
Ind,7,1.0988902239438794
Ind,8,1.250732413932287
Ind,9,1.4985912749796928
Ind,10,1.6686322787476942
Ind,11,1.7561345518080835
Ind,12,1.9294327065358388
Ind,13,2.249521488116458
Ind,14,1.968631270267205
Ind,15,2.179524230266319
Ind,16,2.617549295556375
Ind,17,2.423165401334385
Ind,18,2.561359643370683
Ind,19,3.0583718835404934
Ind,20,3.088159452541411
Ind,21,2.8658730397389323
Ind,22,3.11833009808369
Ind,23,3.270695677102575
Ind,24,2.788116119778756
Ind,25,2.7223288991480676
Ind,26,2.8711157507273684
Ind,27,3.0565491189824843
Ind,28,3.04290015455674
Ind,29,2.914821594760419
Ind,30,3.0056743320755013
Ind,31,2.6294758572003016
Ind,32,2.4138954161368185
Ind,33,2.678998344066844
Ind,34,2.5083858879914773
Ind,35,2.159223871995612
Ind,36,1.9477832527175598
Ind,37,1.949684042642619
Ind,38,2.0851055676503654
Ind,39,1.909592977734102
Ind,40,1.8961314369184112
Ind,41,1.941517213581588
Ind,42,1.893544430559999
Ind,43,1.8005792287605369
Ind,44,1.7984150115429203
Ind,45,1.9760771298544566
Ind,46,1.9029505141248806
Ind,47,1.7594507606061456
Ind,48,1.8418345150300557
Ind,49,1.7262662556890043
Ind,50,1.603850462788538
Ind,51,1.5351375357495645
Ind,52,1.3175808239383209
Ind,53,1.2811215874136985
Ind,54,0.9426426329941159
Ind,55,0.7050434780453573
Ind,56,0.5186932131445067
Ind,57,0.2591090509953353
Ind,58,0.1130947234034145
Ind,59,-0.06688767017735751
Ind,60,-0.2680106301294555
Ind,61,-0.4693489985931416
Ind,62,-0.5214612969502632
Ind,63,-0.679146201584036
Ind,64,-0.7624170518800579
Ind,65,-0.6656920095431978
Ind,66,-0.6203669462117054
Ind,67,-0.40804596553120065
Ind,68,-0.5071273203516413
Ind,69,-0.6291632217101398
Ind,70,-0.6603945599270489
Ind,71,-0.6726897290771064
Ind,72,-0.702620051515959
Ind,73,-0.7857441255490092
Ind,74,-0.887515817860126
Ind,75,-0.9296272855757348
Ind,76,-1.009830579310897
Ind,77,-1.1202975544770417
Ind,78,-1.173788695020211
Ind,79,-1.2443841799704944
Ind,80,-1.3403458317817258
Ind,81,-1.3857857080093696
Ind,82,-1.4776849427244676
Ind,83,-1.5482994901866487
Ind,84,-1.5832853263837159
Ind,85,-1.629303312119714
Ind,86,-1.7350350097892937
Ind,87,-1.8186308017257835
Ind,88,-2.0962870540407557
Ind,89,-2.2615450058273128
Ind,90,-2.34892638885933
Ind,91,-2.48828413221918
Ind,92,-2.4820505366029706
Ind,93,-2.671337105187062
Ind,94,-2.77410183804552
Ind,95,-2.694639814496148
Ind,96,-2.7037727076768956
Ind,97,-2.5962485563174313
Ind,98,-2.48862754121181
Ind,99,-2.4308982804259545
Ind,100,-2.250214472249802
Ind,101,-2.1958016734859034
Ind,102,-2.0188696404211504
Ind,103,-1.8788093248444018
Ind,104,-1.8240539992339126
Ind,105,-1.805140755608966
Ind,106,-1.6781519351650818
Ind,107,-1.5341196546947384
Ind,108,-1.6135211137333798
Ind,109,-1.4873185878163757
Ind,110,-1.3482209243382395
Ind,111,-1.0768581433757316
Ind,112,-0.8671339980467405
Ind,113,-0.7084702633678458
Ind,114,-0.49189323080105285
Ind,115,-0.3275392401071627
Ind,116,-0.32900450545814325
Ind,117,-0.2440193692536281
Ind,118,-0.1557588707296831
Ind,119,-0.09291563778700974
Ind,120,-0.10062236985242116
Ind,121,-0.13846578463856024
Ind,122,-0.13921819948753336
Ind,123,-0.1694614430863061
Ind,124,-0.07893553348552418
Ind,125,0.03196374499718381
Ind,126,-0.03356093270860951
Ind,127,-0.21806631906088753
Ind,128,-0.2298870021356821
Ind,129,-0.006532558950401677
Ind,130,0.1349188001723347
Ind,0,0.19779201024667142
PopGB,1,4.205368737888212
PopGB,2,4.577558182111522
PopGB,3,4.763232247996097
PopGB,4,4.796943179698143
PopGB,5,4.8775293297329245
PopGB,6,5.037312599406315
PopGB,7,5.328533170047474
PopGB,8,5.787076647022841
PopGB,9,6.403290500710374
PopGB,10,7.076577622302742
PopGB,11,7.978984435413042
PopGB,12,8.753577734425704
PopGB,13,9.208973559380285
PopGB,14,9.384354888125847
PopGB,15,9.3573110585963
PopGB,16,9.536877571442947
PopGB,17,9.612043805210947
PopGB,18,9.473782642158625
PopGB,19,9.200826886179165
PopGB,20,8.900640464323784
PopGB,21,8.569699366990163
PopGB,22,8.32336870856263
PopGB,23,8.0690784040942
PopGB,24,7.852990067207537
PopGB,25,7.740645063171478
PopGB,26,7.833821416825689
PopGB,27,7.711299371068218
PopGB,28,7.531144094185642
PopGB,29,7.376699808030545
PopGB,30,7.139448779728143
PopGB,31,6.944772528716079
PopGB,32,6.762551952641965
PopGB,33,6.546947755246445
PopGB,34,6.333444036593758
PopGB,35,6.115079849102845
PopGB,36,5.8709672184487
PopGB,37,5.625203083156163
PopGB,38,5.478318399749242
PopGB,39,5.390863239118112
PopGB,40,5.3112836178174785
PopGB,41,5.256754413072076
PopGB,42,5.20931631466571
PopGB,43,5.083782599783697
PopGB,44,4.946855687220159
PopGB,45,4.941981038601347
PopGB,46,5.0959484231705074
PopGB,47,5.256481884925548
PopGB,48,5.323151508180333
PopGB,49,5.140627124654863
PopGB,50,4.646817049266204
PopGB,51,3.9117951268046496
PopGB,52,3.026541013104433
PopGB,53,2.3129449416209154
PopGB,54,1.6395891832064928
PopGB,55,1.3222275392710487
PopGB,56,1.0687596836345048
PopGB,57,0.8158929870514658
PopGB,58,0.6125826848105637
PopGB,59,0.41904295468009745
PopGB,60,0.27337415222283934
PopGB,61,0.08291254981767415
PopGB,62,-0.09999070966642278
PopGB,63,-0.2593117196219377
PopGB,64,-0.39830744555967956
PopGB,65,-0.537890417021599
PopGB,66,-0.6878743056806848
PopGB,67,-0.8583614511356811
PopGB,68,-1.0388225217129585
PopGB,69,-1.2386870604758276
PopGB,70,-1.4353419233154834
PopGB,71,-1.6198541262548267
PopGB,72,-1.834803226322529
PopGB,73,-2.060613458881807
PopGB,74,-2.3057234680672356
PopGB,75,-2.538909710665671
PopGB,76,-2.8034080775239283
PopGB,77,-3.1075137689157972
PopGB,78,-3.468223994335477
PopGB,79,-3.8532783893041156
PopGB,80,-4.199812561985231
PopGB,81,-4.542039420697922
PopGB,82,-4.904600758170795
PopGB,83,-5.2825546738359925
PopGB,84,-5.540354645730912
PopGB,85,-5.647203656701296
PopGB,86,-5.701854041707873
PopGB,87,-5.822685629256456
PopGB,88,-5.9842406393269165
PopGB,89,-6.167287164322678
PopGB,90,-6.351581741129193
PopGB,91,-6.518528372231846
PopGB,92,-6.630090484130014
PopGB,93,-6.699541981360942
PopGB,94,-6.744472519305709
PopGB,95,-6.7906949485986035
PopGB,96,-6.813486099493418
PopGB,97,-6.803467120514061
PopGB,98,-6.815945867501904
PopGB,99,-6.768708760449433
PopGB,100,-6.812582844195984
PopGB,101,-6.8397445376910495
PopGB,102,-6.8302619458615865
PopGB,103,-6.828954876127654
PopGB,104,-6.7854359002159965
PopGB,105,-6.775918368283121
PopGB,106,-6.656676648696507
PopGB,107,-6.5164545939697245
PopGB,108,-6.271985570807571
PopGB,109,-5.6285768497174775
PopGB,110,-4.773052346793102
PopGB,111,-3.990181628565625
PopGB,112,-3.301228686604162
PopGB,113,-2.724868123617927
PopGB,114,-2.2669074217360468
PopGB,115,-1.9152429012517516
PopGB,116,-1.6375237765955593
PopGB,117,-1.4089180946137168
PopGB,118,-1.1792004568433656
PopGB,119,-0.926432263449801
PopGB,120,-0.6907766388390686
PopGB,121,-0.449826287890685
PopGB,122,-0.13533739275282175
PopGB,123,0.18314777223539447
PopGB,124,0.5180754455586554
PopGB,125,0.8606037827069882
PopGB,126,1.2171402273458494
PopGB,127,1.5863823301828837
PopGB,128,2.0112005360490626
PopGB,129,2.5334565686458097
PopGB,130,3.1255458305700343
PopGB,0,3.661420413716636
GDP,1,1.1730759022920072
GDP,2,1.1191791912625129
GDP,3,1.3575993364121175
GDP,4,1.690309545319604
GDP,5,1.900293272803684
GDP,6,1.789081048377729
GDP,7,1.713707172730821
GDP,8,1.9608170849295827
GDP,9,1.9735339703554964
GDP,10,2.01847915475659
GDP,11,2.1283720100020256
GDP,12,2.015277317914915
GDP,13,1.8377587657820291
GDP,14,1.5485029117570477
GDP,15,1.8287850198248772
GDP,16,2.1782100844290144
GDP,17,1.6659885352901536
GDP,18,1.6686358204703655
GDP,19,2.1917689247638776
GDP,20,1.773174759116941
GDP,21,1.4448363124100496
GDP,22,1.8343163801575597
GDP,23,2.0331768650962467
GDP,24,1.6536681315369002
GDP,25,1.765013335362575
GDP,26,2.0038509466379675
GDP,27,2.0790856263370925
GDP,28,2.132373251866134
GDP,29,2.0881105363420684
GDP,30,2.371642963341273
GDP,31,1.99431660184072
GDP,32,1.7227919609703097
GDP,33,2.150026953302044
GDP,34,2.0541912482370286
GDP,35,1.8297430429318782
GDP,36,1.9760787979850207
GDP,37,2.0031761991872985
GDP,38,2.1290910727374888
GDP,39,1.8613350349557234
GDP,40,1.7803187643541165
GDP,41,2.048018718643355
GDP,42,1.970326499720309
GDP,43,1.8812490484201911
GDP,44,2.150340345006975
GDP,45,2.483625678158421
GDP,46,2.391623198680464
GDP,47,2.3557835746341254
GDP,48,2.4880916872937675
GDP,49,2.378799281012259
GDP,50,2.343148999268823
GDP,51,2.381129474420158
GDP,52,2.163945592439147
GDP,53,2.16766277646175
GDP,54,2.01670139557978
GDP,55,1.7741673769233286
GDP,56,1.5411922358084733
GDP,57,1.4014191993510148
GDP,58,1.1131292118958975
GDP,59,0.8483427252333562
GDP,60,0.4798485952018665
GDP,61,0.3067392283316648
GDP,62,0.20008952529753588
GDP,63,-0.054404014655820884
GDP,64,-0.21542032458510882
GDP,65,-0.059479845374346745
GDP,66,-0.004209437763968
GDP,67,0.10243569225217064
GDP,68,0.1934020286136585
GDP,69,0.1709747001826147
GDP,70,0.17702636904020652
GDP,71,0.18918963524144292
GDP,72,0.3365259584993577
GDP,73,0.37138841391473204
GDP,74,0.08714161280631394
GDP,75,-0.18568782324783173
GDP,76,-0.4273004717000018
GDP,77,-0.6939719798512629
GDP,78,-0.8152597103867489
GDP,79,-0.9629961920956442
GDP,80,-1.1976477957375813
GDP,81,-1.248177428545045
GDP,82,-1.3645608808946963
GDP,83,-1.429613150831602
GDP,84,-1.4846530792667783
GDP,85,-1.6787544196410618
GDP,86,-1.7137528621580649
GDP,87,-1.821467095121707
GDP,88,-1.9767449796503576
GDP,89,-2.169139945630493
GDP,90,-2.2773224346387013
GDP,91,-2.486526089010212
GDP,92,-2.602594028458872
GDP,93,-2.8223344633787293
GDP,94,-2.9316156265120368
GDP,95,-3.0182819915487014
GDP,96,-3.2740524925707315
GDP,97,-3.503948671590638
GDP,98,-3.588180003148718
GDP,99,-3.6857691957999252
GDP,100,-3.589309513324027
GDP,101,-3.699852377757215
GDP,102,-3.8191567425756396
GDP,103,-3.763674236035339
GDP,104,-3.950798226063313
GDP,105,-3.864975513568279
GDP,106,-3.627500854383994
GDP,107,-3.575044354523059
GDP,108,-3.6394629558086
GDP,109,-3.3430228890025604
GDP,110,-2.853754321720023
GDP,111,-2.5367832564403088
GDP,112,-2.303780589556851
GDP,113,-1.9797851785309237
GDP,114,-1.655448004157538
GDP,115,-1.392440158803357
GDP,116,-1.1813887084543782
GDP,117,-0.9569328191841264
GDP,118,-0.8861452921975748
GDP,119,-0.8566935084070244
GDP,120,-0.7882748082118881
GDP,121,-0.515216105278441
GDP,122,-0.41205953750801216
GDP,123,-0.4868315615292648
GDP,124,-0.38659786211698494
GDP,125,-0.2034429178335324
GDP,126,-0.10291826731952376
GDP,127,0.09797805353026541
GDP,128,0.3641142172898476
GDP,129,0.5319282628858573
GDP,130,0.8346820048246055
GDP,0,0.9946112913689877
GDPpc,1,-0.6807538432888763
GDPpc,2,-0.8568402950388854
GDPpc,3,-0.9498832822336535
GDPpc,4,-0.8677958734530102
GDPpc,5,-0.7829063082453176
GDPpc,6,-0.9681995858504109
GDPpc,7,-1.0985876360821618
GDPpc,8,-1.042999889855961
GDPpc,9,-1.1602303200026742
GDPpc,10,-1.085467817599922
GDPpc,11,-0.9419975819190961
GDPpc,12,-1.008704417783279
GDPpc,13,-0.975195197143384
GDPpc,14,-1.1724910446904357
GDPpc,15,-1.1071756182409724
GDPpc,16,-1.073575453360295
GDPpc,17,-1.1230950496944319
GDPpc,18,-0.9015318501591905
GDPpc,19,-0.706159451142755
GDPpc,20,-0.7596418297486699
GDPpc,21,-0.8289335314632698
GDPpc,22,-0.6727793019639219
GDPpc,23,-0.4885716176561337
GDPpc,24,-0.6109863457879742
GDPpc,25,-0.4529931169128499
GDPpc,26,-0.2830625877661853
GDPpc,27,-0.2820516024169953
GDPpc,28,-0.21713142733336363
GDPpc,29,-0.23519147041656993
GDPpc,30,-0.13284737931606508
GDPpc,31,-0.3070319289705631
GDPpc,32,-0.3679596782306347
GDPpc,33,-0.14059388504912523
GDPpc,34,-0.2718762001822351
GDPpc,35,-0.4498435321344819
GDPpc,36,-0.5457215459171914
GDPpc,37,-0.435364211742486
GDPpc,38,-0.4423289951728021
GDPpc,39,-0.5758482801355181
GDPpc,40,-0.5215936626673464
GDPpc,41,-0.4854072069023141
GDPpc,42,-0.5755085865233839
GDPpc,43,-0.44603295317648606
GDPpc,44,-0.3257120622326064
GDPpc,45,-0.04739910498287728
GDPpc,46,-0.0673495191036784
GDPpc,47,-0.037404536775355594
GDPpc,48,0.3850317814759242
GDPpc,49,0.5047290928245405
GDPpc,50,0.585804353068974
GDPpc,51,0.8376945573844742
GDPpc,52,0.883177526152223
GDPpc,53,1.040383316966543
GDPpc,54,1.0741787339659368
GDPpc,55,1.016331083742047
GDPpc,56,0.9537245885651136
GDPpc,57,0.9819151798752725
GDPpc,58,0.8419327888345793
GDPpc,59,0.6999761365756474
GDPpc,60,0.41344544293760077
GDPpc,61,0.3537327111615881
GDPpc,62,0.3701474827615144
GDPpc,63,0.15163904361445524
GDPpc,64,0.0546175295566331
GDPpc,65,0.35995616681759246
GDPpc,66,0.524002469821452
GDPpc,67,0.7810465621558058
GDPpc,68,0.9984533069914465
GDPpc,69,1.1053955339520976
GDPpc,70,1.2296253946724212
GDPpc,71,1.2722423231422526
GDPpc,72,1.4834618236021304
GDPpc,73,1.6513244188243799
GDPpc,74,1.4847448296550567
GDPpc,75,1.328959993026942
GDPpc,76,1.2089873233096002
GDPpc,77,1.0932248567516547
GDPpc,78,1.081391395452208
GDPpc,79,1.0619376518504715
GDPpc,80,0.8801886540696535
GDPpc,81,0.883878820824185
GDPpc,82,0.8410416562994847
GDPpc,83,0.8232696023020777
GDPpc,84,0.8565742751854045
GDPpc,85,0.7373583260305773
GDPpc,86,0.7529583835405529
GDPpc,87,0.6857049774394369
GDPpc,88,0.5948621611488687
GDPpc,89,0.49208883248248625
GDPpc,90,0.4654820377141309
GDPpc,91,0.39641992661499337
GDPpc,92,0.37361643947880524
GDPpc,93,0.26396854882205123
GDPpc,94,0.22480832264915657
GDPpc,95,0.2305384050262376
GDPpc,96,0.1110705465664352
GDPpc,97,-0.007830037992187787
GDPpc,98,-0.06040687715008685
GDPpc,99,-0.1562221208054114
GDPpc,100,-0.17746323418294488
GDPpc,101,-0.273374067826691
GDPpc,102,-0.4091036813107377
GDPpc,103,-0.4985374102584631
GDPpc,104,-0.7490941544048733
GDPpc,105,-0.8530983128518903
GDPpc,106,-0.8496125616495545
GDPpc,107,-1.039735701796305
GDPpc,108,-1.3256876232617143
GDPpc,109,-1.2152079000230822
GDPpc,110,-0.9343084746052505
GDPpc,111,-0.7891379389991742
GDPpc,112,-0.7762957675946911
GDPpc,113,-0.7068465186730702
GDPpc,114,-0.6060998296042708
GDPpc,115,-0.43553208412353883
GDPpc,116,-0.2948783193724362
GDPpc,117,-0.18836255270676136
GDPpc,118,-0.24871896727705067
GDPpc,119,-0.40844937943291526
GDPpc,120,-0.47918952241921114
GDPpc,121,-0.2988189771745268
GDPpc,122,-0.40640220014545775
GDPpc,123,-0.7947202283689975
GDPpc,124,-0.9111090725891993
GDPpc,125,-0.9382378834524442
GDPpc,126,-1.0171108138653915
GDPpc,127,-1.00141335460779
GDPpc,128,-0.9761411799701455
GDPpc,129,-0.9558130967481315
GDPpc,130,-0.8740357297899944
GDPpc,0,-0.7785729830960473
Agri,1,-0.46956033519657114
Agri,2,-0.6247522425042717
Agri,3,-0.6278942946136192
Agri,4,-0.5677591688510792
Agri,5,-0.7740752586401244
Agri,6,-0.9443612933908992
Agri,7,-0.859593598320978
Agri,8,-0.8946070269305904
Agri,9,-1.126181849441677
Agri,10,-1.1501641699260554
Agri,11,-1.074409893423741
Agri,12,-1.2510379936391562
Agri,13,-1.2351355523914729
Agri,14,-1.275927946594324
Agri,15,-1.2100986567724499
Agri,16,-1.3305865112942856
Agri,17,-1.4627665269720067
Agri,18,-1.2581206584096474
Agri,19,-1.1561246368711429
Agri,20,-1.272583306280244
Agri,21,-1.2973297481799557
Agri,22,-1.2008744061132035
Agri,23,-1.102562309415663
Agri,24,-1.139653322130623
Agri,25,-1.0487175045946975
Agri,26,-0.8951279215970281
Agri,27,-0.9937227096913496
Agri,28,-1.0309209495372278
Agri,29,-1.0383937464335395
Agri,30,-1.0266338226193477
Agri,31,-1.0109812050386786
Agri,32,-0.8808954618152648
Agri,33,-0.7721830384707751
Agri,34,-0.9473429333310747
Agri,35,-0.735758580057453
Agri,36,-0.6517643812067144
Agri,37,-0.560456294186855
Agri,38,-0.5441039212224846
Agri,39,-0.497799628169298
Agri,40,-0.4176189935738082
Agri,41,-0.3600469599906266
Agri,42,-0.4071340416620147
Agri,43,-0.16351689131780492
Agri,44,-0.06251329167039009
Agri,45,-0.05984758427503799
Agri,46,0.09135642352014951
Agri,47,0.20615699816936073
Agri,48,0.419025124165506
Agri,49,0.502738910846455
Agri,50,0.6385646664129715
Agri,51,0.8969156315974349
Agri,52,0.9998407013291546
Agri,53,1.1042499778246182
Agri,54,1.2141447366730465
Agri,55,1.1447229552349871
Agri,56,1.033064366905273
Agri,57,1.1251581105800113
Agri,58,1.0208216542449036
Agri,59,0.8895776586535644
Agri,60,0.717459915380195
Agri,61,0.8625101094218294
Agri,62,0.8358853222304485
Agri,63,0.5430976209687223
Agri,64,0.4574883429958065
Agri,65,0.6765285217461725
Agri,66,0.7334448441904172
Agri,67,0.6562075188315708
Agri,68,0.92606978060139
Agri,69,1.0469430144711822
Agri,70,1.0721440172650796
Agri,71,1.105007837118884
Agri,72,1.2568626022592881
Agri,73,1.3986481697279918
Agri,74,1.2299978602068322
Agri,75,1.0577625642523814
Agri,76,0.9794159082010427
Agri,77,0.9394783196703143
Agri,78,0.9801474152363379
Agri,79,1.0234214846348537
Agri,80,0.9157693851966983
Agri,81,0.9810254535297194
Agri,82,1.0679448006885557
Agri,83,1.1256184517190073
Agri,84,1.1560329066271355
Agri,85,1.0744830191748345
Agri,86,1.2072009387902223
Agri,87,1.194996091293916
Agri,88,1.2594543005591365
Agri,89,1.1650823501837535
Agri,90,1.1395655571446814
Agri,91,1.0119834129713685
Agri,92,0.8616651761337456
Agri,93,0.7942970469171049
Agri,94,0.781495440477915
Agri,95,0.67334370017342
Agri,96,0.5114825573583358
Agri,97,0.32062130718680687
Agri,98,0.23274746821664072
Agri,99,0.16488877064210997
Agri,100,0.08958983227562607
Agri,101,0.0004076702481532354
Agri,102,-0.2372167415345432
Agri,103,-0.41473025599708696
Agri,104,-0.5849312285250764
Agri,105,-0.6372831247319448
Agri,106,-0.748566693060916
Agri,107,-1.0259128279520993
Agri,108,-1.2116882347439968
Agri,109,-1.2388214554112926
Agri,110,-1.000374498163547
Agri,111,-1.0727198729267702
Agri,112,-1.2639493007892721
Agri,113,-1.4524526214453075
Agri,114,-1.6302377039026212
Agri,115,-1.6058099918871729
Agri,116,-1.3297932655197153
Agri,117,-1.4287662114745485
Agri,118,-1.6236798462400712
Agri,119,-1.6186718247294931
Agri,120,-1.593237929466043
Agri,121,-1.3849616883734739
Agri,122,-1.302182543268724
Agri,123,-1.4515432251010327
Agri,124,-1.465628996045921
Agri,125,-1.4482971484552387
Agri,126,-1.2673383519035293
Agri,127,-0.7832681649640619
Agri,128,-0.6871952235293297
Agri,129,-0.8371721004878886
Agri,130,-0.7474721494418154
Agri,0,-0.6521079226390774
