outcome,shift,coef,t
Coal,-30,-0.04818598704863741,-0.9184569436408986
Coal,-25,-0.005216463740894017,-0.11861527287548217
Coal,-20,0.061814117494428666,1.1952271139554456
Coal,-15,0.15608185949455589,2.2413548114099577
Coal,-10,0.25141816658147853,3.0236941745602106
Coal,-5,0.3275694397640838,3.71990162917009
Coal,0,0.29790355058953577,2.965079874377727
Coal,5,0.24900470298507954,2.339481554762303
Coal,10,0.19050987506349382,1.6509874057268648
Coal,15,0.09126163962841494,0.804305667849364
Coal,20,0.05463696221226666,0.5239383474866061
Coal,25,0.06551153538313592,0.6480786140697302
Coal,30,0.062136484088442856,0.6099909966150532
Ind,-30,-0.05767432656713711,-2.391267332188936
Ind,-25,-0.05173509344719074,-1.7760460357691548
Ind,-20,-0.041391755452104384,-1.06507170301967
Ind,-15,-0.011043904552083372,-0.2036870647736149
Ind,-10,0.00391568288666555,0.05956004202069255
Ind,-5,0.004632522492684643,0.05891616767711798
Ind,0,0.013489756917996587,0.19779201024667142
Ind,5,0.06026541491009202,1.115989784054959
Ind,10,0.09548634384568089,1.6546173822833548
Ind,15,0.11027296635507922,2.068942658286592
Ind,20,0.1462672940138532,3.5804884616082977
Ind,25,0.16563741979420232,3.128174694883574
Ind,30,0.19147379020055943,2.615051400624114
PopGB,-30,-0.041110073943176895,-7.2143371598706985
PopGB,-25,-0.03726936385884494,-6.684262843401343
PopGB,-20,-0.03165506154703934,-3.5214680901264117
PopGB,-15,-0.021752855611803845,-1.3843068239770686
PopGB,-10,-0.0054733625286425,-0.2900944096218218
PopGB,-5,0.02926224797433119,1.2947981158991066
PopGB,0,0.06714297293051208,3.661420413716636
PopGB,5,0.0821604365368925,4.869181402814815
PopGB,10,0.09234289461453826,6.60376321347552
PopGB,15,0.09434011231028483,8.220812810361293
PopGB,20,0.08797875164280922,6.931342034963149
PopGB,25,0.07900840681000587,5.017823526159366
PopGB,30,0.08056605381948234,3.716766073161661
GDP,-30,-0.046169705724037446,-3.8274147641702814
GDP,-25,-0.0516985229150313,-3.7671427306532053
GDP,-20,-0.04735074662371508,-2.5208589460422
GDP,-15,-0.026669547116390024,-1.0388266562189212
GDP,-10,-0.00989985641687774,-0.34579365154101277
GDP,-5,-0.0014139809176296758,-0.040396762784612614
GDP,0,0.03689466087414517,0.9946112913689877
GDP,5,0.05452275932263245,1.8850533798884803
GDP,10,0.0680724324524461,2.353162414554104
GDP,15,0.07702122668812605,2.74464308887819
GDP,20,0.09310250204873816,4.03718313484664
GDP,25,0.11072362914423906,4.914176983222828
GDP,30,0.12425807900299812,3.987250133573709
GDPpc,-30,-0.005059631780859775,-0.33635952261057983
GDPpc,-25,-0.01442915905618658,-0.9908599895619341
GDPpc,-20,-0.015695685076674848,-0.8956984645044253
GDPpc,-15,-0.004916691504586179,-0.26438966578020445
GDPpc,-10,-0.004426493888235905,-0.20037650461295597
GDPpc,-5,-0.030676228891960422,-0.9792633185021763
GDPpc,0,-0.030248312056366244,-0.7785729830960473
GDPpc,5,-0.02763767721425961,-0.7668566491120897
GDPpc,10,-0.024270462162091833,-0.7645224419300667
GDPpc,15,-0.017318885622157998,-0.5306112152928448
GDPpc,20,0.00512375040592894,0.16656817027108645
GDPpc,25,0.031715222334234516,1.1034002676178303
GDPpc,30,0.04369202518351534,1.2600270507106095
Agri,-30,-0.00017454557448171037,-0.004594487986643992
Agri,-25,-0.026986915302926295,-0.8010951174920076
Agri,-20,-0.03790471391622363,-1.103167741561055
Agri,-15,-0.04562493335659834,-1.2478987650332503
Agri,-10,-0.06786833723211094,-1.4287174393239765
Agri,-5,-0.1005781754043249,-1.3195866934123803
Agri,0,-0.06374895376293188,-0.6521079226390774
Agri,5,-0.07456751911249199,-0.7567514063714751
Agri,10,-0.07115216669293156,-0.8359431454548416
Agri,15,-0.04287301199306692,-0.5312551529811285
Agri,20,-0.018849614324901953,-0.2544436605377791
Agri,25,0.02208290338882568,0.3037626819698633
Agri,30,0.009968184860196239,0.12617925078760445
