chain,h,beta,se,p
canal→coal,1,0.2707513271906943,0.04659623109057269,6.2255187236186305e-09
canal→coal,2,0.28054291941347476,0.06066556758960686,3.7565235035006487e-06
canal→coal,3,0.2506942730723686,0.03995798701491254,3.520094892839685e-10
canal→coal,4,0.2509212680329441,0.03723682457966812,1.600026886464323e-11
canal→coal,5,0.2660535580139001,0.033783897856720035,3.403105479920475e-15
canal→coal,6,0.3387824073233705,0.05161870689143,5.2675331643935704e-11
canal→coal,7,0.34271404376985837,0.05176564615802883,3.5800540839529524e-11
canal→coal,8,0.32402191709007044,0.0452618753150274,8.137053009162438e-13
canal→coal,9,0.3525619500016079,0.05518984016073032,1.6788525737188497e-10
canal→coal,10,0.3595610303255795,0.06059161794231758,2.953336547162301e-09
canal→coal,11,0.36401371572803565,0.0757420813247698,1.540076158765548e-06
canal→coal,12,0.3986059773054129,0.08716512475067104,4.807937782863151e-06
canal→coal,13,0.37966873806738244,0.08124834156993255,2.96916519488006e-06
canal→coal,14,0.4070646518832825,0.10738602828831298,0.00015024339739324382
canal→coal,15,0.44036292616831885,0.11671375562106967,0.00016128561454184143
canal→coal,16,0.4086880542698799,0.11775662842070389,0.0005192657463318387
canal→coal,17,0.4261325837016199,0.11925094444160389,0.00035236163896108655
canal→coal,18,0.45073281315255515,0.11602765438648097,0.00010245565260748664
canal→coal,19,0.4492874938922442,0.15095350203296087,0.0029172040755056174
canal→coal,20,0.4658514750095928,0.15504670483255675,0.002659407800341353
canal→steam hp,1,0.003192337150767874,0.0004357906145429571,2.382011121904843e-13
canal→steam hp,2,0.006833559059384618,0.0009207300373471623,1.1545879506229037e-13
canal→steam hp,3,0.010835678241117405,0.0014390273434702185,5.0793725152542875e-14
canal→steam hp,4,0.015163929893626221,0.0019868325185383694,2.3075693171191166e-14
canal→steam hp,5,0.01959694302928193,0.0024246190572214704,6.346103325377154e-16
canal→steam hp,6,0.024155731280975094,0.0027126975357376973,5.353532496858113e-19
canal→steam hp,7,0.028650110919075017,0.0029677614472282806,4.737727437127453e-22
canal→steam hp,8,0.03263334184369018,0.003069389449800297,2.1182773546830492e-26
canal→steam hp,9,0.0366176525034429,0.0029299433945532112,7.680979219033986e-36
canal→steam hp,10,0.03991634160392289,0.0029050621004006166,5.8257024408547144e-43
canal→steam hp,11,0.04287379804736119,0.002994487625240652,1.6995321924436652e-46
canal→steam hp,12,0.044799365207874225,0.003076670761153688,4.9733976917089866e-48
canal→steam hp,13,0.04605287025333504,0.003055384346145832,2.4492265051355187e-51
canal→steam hp,14,0.04632333179393044,0.003063763486034563,1.2000096962189688e-51
canal→steam hp,15,0.04619148274681195,0.003038792043988542,3.503609941511382e-52
canal→steam hp,16,0.04622541259876889,0.003473702971482359,2.1008972874888184e-40
canal→steam hp,17,0.04572276751308252,0.004356632298562578,9.109729916036856e-26
canal→steam hp,18,0.04462211279505507,0.005475655773160862,3.663956486466032e-16
canal→steam hp,19,0.0428578451129672,0.006552431121546466,6.120912833303477e-11
canal→steam hp,20,0.04104165464313009,0.007640167102564839,7.794294158444328e-08
coal→steam hp,1,0.003333981540555281,0.0011107664751084198,0.002686403566374711
coal→steam hp,2,0.0061880627570540326,0.0019636174175172846,0.0016251279487782245
coal→steam hp,3,0.007266443764947894,0.002476030395888269,0.0033385407816014213
coal→steam hp,4,0.007858962485413554,0.003242659577737581,0.015366833601566222
coal→steam hp,5,0.008645050309236575,0.004037886545076601,0.03227533190627826
coal→steam hp,6,0.009400698230307267,0.004851946544204859,0.052682949591513935
coal→steam hp,7,0.009510733765178081,0.006090100673361467,0.11836550786965368
coal→steam hp,8,0.009785708758523942,0.0075912402058835905,0.19737060396040063
coal→steam hp,9,0.009288821446005818,0.008716589079390014,0.2865824951650844
coal→steam hp,10,0.008955509933756097,0.009546423985473729,0.3481925054724381
coal→steam hp,11,0.009189884734587928,0.009824932053246605,0.3496009008396469
coal→steam hp,12,0.00924934760972132,0.009923660882608192,0.3513107130040738
coal→steam hp,13,0.01031293863481414,0.009980914816422024,0.30147949449421974
coal→steam hp,14,0.009462142492172015,0.009889765593841148,0.3386878770394972
coal→steam hp,15,0.010529394733623354,0.010130750277512405,0.2986420148754251
coal→steam hp,16,0.010988872804880201,0.010263769163584846,0.28432821959661847
coal→steam hp,17,0.012233016262678587,0.010794443679076324,0.25710099977462963
coal→steam hp,18,0.011472880641007599,0.010841783404912453,0.28995983834185
coal→steam hp,19,0.010773889544946513,0.010553579233152087,0.307313469914679
coal→steam hp,20,0.00987946279473817,0.010027778417734974,0.32452116373175344
canal→GDP per capita,1,0.0008641935103549788,0.009409493242902342,0.9268229970013641
canal→GDP per capita,2,-0.0031928923261783683,0.011706563095829015,0.7850501747906617
canal→GDP per capita,3,-0.006353601279305278,0.01050568824298744,0.5453270095209788
canal→GDP per capita,4,-0.006085503606822454,0.012493226653661621,0.6261844656670528
canal→GDP per capita,5,-0.01104793649483944,0.013034686982872799,0.396672066032154
canal→GDP per capita,6,-0.01604916063825087,0.012840431210756169,0.21133876344033653
canal→GDP per capita,7,-0.015492283423327646,0.012289409400634973,0.2074455504614683
canal→GDP per capita,8,-0.016861447412609126,0.0114962323580893,0.14245949594615676
canal→GDP per capita,9,-0.02083414628540239,0.012432069081222163,0.09376973163865682
canal→GDP per capita,10,-0.019893250360729413,0.013629895654660985,0.14441911312824351
canal→GDP per capita,11,-0.014636508139249117,0.010976551501723242,0.18238938618974232
canal→GDP per capita,12,-0.012837982212825992,0.01129808495675646,0.25583220553594543
canal→GDP per capita,13,-0.011200363796113014,0.01205069690194922,0.3526626508546451
canal→GDP per capita,14,-0.010425087613560959,0.013354068687467037,0.43499807159295967
canal→GDP per capita,15,-0.008987693334281444,0.013308760235650733,0.49947145987033814
canal→GDP per capita,16,-0.005948277968996898,0.012889221663898878,0.6444453655807105
canal→GDP per capita,17,-0.003892161278597147,0.013515335552062678,0.7733612016174338
canal→GDP per capita,18,-0.0014608791079322708,0.014749672967748133,0.9211026620813039
canal→GDP per capita,19,-0.0018722822810868203,0.014852786077704504,0.8996876242261812
canal→GDP per capita,20,-0.0025514924747237298,0.015623207439261214,0.8702710111671523
steam hp→GDP per capita,1,-0.12176754534684395,0.38951343315525927,0.7545735640233325
steam hp→GDP per capita,2,-0.31670606789131894,0.46387769770079373,0.49477358992302933
steam hp→GDP per capita,3,-0.42285553852972163,0.5263003442079944,0.4217152046121059
steam hp→GDP per capita,4,-0.5097401382833416,0.5476984809737402,0.35201145079590335
steam hp→GDP per capita,5,-0.5938361692721844,0.5333898571311048,0.2655689483325794
steam hp→GDP per capita,6,-0.6619963027984417,0.6360725106011105,0.2979887903708772
steam hp→GDP per capita,7,-0.7597263778122376,0.7067378879823213,0.28238540392216915
steam hp→GDP per capita,8,-0.7810697346999387,0.7052903856513466,0.2681019323912609
steam hp→GDP per capita,9,-0.8024514556388866,0.7083169310239418,0.25725672170759006
steam hp→GDP per capita,10,-0.9200965525353578,0.6994919573556284,0.18838278956504262
steam hp→GDP per capita,11,-1.0817512388993273,0.6403397656940971,0.09115439400766147
steam hp→GDP per capita,12,-0.99760524618451,0.6261897556464574,0.11112975515672024
steam hp→GDP per capita,13,-0.8182187844806327,0.6171236068215505,0.18488646147079424
steam hp→GDP per capita,14,-0.7757942499309246,0.7233510793730221,0.28349537909272404
steam hp→GDP per capita,15,-0.68126964241177,0.9087213470658965,0.4534345798713981
steam hp→GDP per capita,16,-0.1409888090091309,0.6890419723620373,0.8378723841269289
steam hp→GDP per capita,17,0.2865312390991337,0.7239877034633895,0.6922761106029571
steam hp→GDP per capita,18,0.4930892355018405,0.8607174428744263,0.5667248246867973
steam hp→GDP per capita,19,0.8883689462010089,1.3018704425979257,0.4949993818067009
steam hp→GDP per capita,20,0.5476658565024874,1.413631639008157,0.6984470345704762
canal→agriculture,1,-0.008103616877652504,0.02131795198205891,0.7038480891567171
canal→agriculture,2,-0.01871693691598604,0.02637650540251525,0.47794825273087804
canal→agriculture,3,-0.028091347247961217,0.026553958434609046,0.2901025012433238
canal→agriculture,4,-0.033080319483428114,0.028572302677874355,0.2469555573567077
canal→agriculture,5,-0.04819427972371223,0.027431385166384804,0.07893436391346553
canal→agriculture,6,-0.06147147312456122,0.025166747707313666,0.014583213297147353
canal→agriculture,7,-0.06394026117007047,0.023974060562075482,0.007651797946952368
canal→agriculture,8,-0.07237845306222379,0.022953924920293443,0.0016148782108229439
canal→agriculture,9,-0.07492943675693678,0.022596238998742486,0.0009131137164125132
canal→agriculture,10,-0.06946585901937564,0.022752253901025636,0.002264588484877911
canal→agriculture,11,-0.06108772189232514,0.019615713628033486,0.0018442955072631004
canal→agriculture,12,-0.06104096358894841,0.01956740844556884,0.0018114465574906328
canal→agriculture,13,-0.060155161303865584,0.021862900633187396,0.005932807178168788
canal→agriculture,14,-0.052063235003950624,0.019857568317362104,0.008745818333448178
canal→agriculture,15,-0.049038540034168465,0.020338272245537643,0.0159024891336792
canal→agriculture,16,-0.0436726300275862,0.020247084258275684,0.031006937162902152
canal→agriculture,17,-0.03882175406052166,0.018381836810564066,0.034689647040054644
canal→agriculture,18,-0.029586794728376,0.019453168407764218,0.12827885854897653
canal→agriculture,19,-0.030406366514462692,0.019222822132122945,0.11369872213559468
canal→agriculture,20,-0.028360512016484842,0.020434835253392628,0.16518233964565576
