Year,fire engine,steam engine,coal barge,coal wharf,coal boat,coal trade,canal boat,coal waggon,coal cart,coal owner,sea coal,coal field,steam boat,steam power,water carriage,land carriage
1700,4.587657809196344e-09,9.445020765497247e-09,0.0,0.0,0.0,0.0,4.722510382748624e-09,0.0,0.0,0.0,0.0,0.0,0.0,0.0,1.8890041530994495e-08,9.445020765497247e-09
1701,3.670126247357075e-09,7.556016612397798e-09,0.0,0.0,0.0,0.0,3.778008306198899e-09,0.0,0.0,0.0,0.0,0.0,0.0,0.0,1.869331782700101e-08,1.1137301214603213e-08
1702,3.058438539464229e-09,6.296680510331498e-09,0.0,0.0,0.0,0.0,3.148340255165749e-09,0.0,0.0,0.0,0.0,0.0,0.0,0.0,1.5577764855834175e-08,9.281084345502677e-09
1703,2.6215187481121963e-09,5.397154723141284e-09,0.0,0.0,0.0,0.0,2.698577361570642e-09,0.0,0.0,0.0,0.0,0.0,0.0,0.0,1.3352369876429293e-08,7.955215153288009e-09
1704,0.0,5.397154723141284e-09,0.0,0.0,0.0,0.0,2.698577361570642e-09,0.0,0.0,0.0,0.0,0.0,0.0,0.0,1.3352369876429293e-08,7.955215153288009e-09
1705,2.5652797981073103e-09,0.0,0.0,0.0,0.0,0.0,0.0,0.0,0.0,0.0,0.0,0.0,0.0,0.0,2.5580604301467247e-09,2.5580604301467247e-09
1706,2.5652797981073103e-09,0.0,0.0,0.0,0.0,0.0,0.0,0.0,0.0,0.0,0.0,0.0,0.0,0.0,5.662064087427357e-09,2.5580604301467247e-09
1707,2.5652797981073103e-09,0.0,0.0,0.0,0.0,0.0,0.0,0.0,0.0,0.0,0.0,0.0,0.0,0.0,5.662064087427357e-09,2.5580604301467247e-09
1708,2.5652797981073103e-09,0.0,0.0,0.0,0.0,0.0,0.0,0.0,0.0,0.0,0.0,0.0,0.0,0.0,5.740548861662578e-09,0.0
1709,2.5652797981073103e-09,0.0,0.0,0.0,0.0,0.0,0.0,0.0,0.0,0.0,0.0,0.0,0.0,0.0,5.740548861662578e-09,0.0
1710,8.947414745616048e-09,3.191067473754369e-09,0.0,0.0,0.0,0.0,0.0,0.0,0.0,0.0,0.0,3.191067473754369e-09,0.0,0.0,5.740548861662578e-09,3.191067473754369e-09
1711,8.947414745616048e-09,3.191067473754369e-09,0.0,0.0,0.0,0.0,0.0,0.0,0.0,0.0,0.0,3.191067473754369e-09,0.0,0.0,5.740548861662578e-09,3.191067473754369e-09
1712,6.382134947508738e-09,3.191067473754369e-09,0.0,0.0,0.0,0.0,0.0,0.0,0.0,0.0,0.0,3.191067473754369e-09,0.0,0.0,5.740548861662578e-09,3.191067473754369e-09
1713,6.382134947508738e-09,3.191067473754369e-09,0.0,0.0,0.0,0.0,0.0,0.0,0.0,0.0,0.0,3.191067473754369e-09,0.0,0.0,2.636545204381946e-09,3.191067473754369e-09
1714,6.382134947508738e-09,3.191067473754369e-09,0.0,0.0,0.0,0.0,0.0,0.0,0.0,0.0,0.0,3.191067473754369e-09,0.0,0.0,5.634774932364703e-09,3.191067473754369e-09
1715,6.382134947508738e-09,3.191067473754369e-09,0.0,0.0,0.0,0.0,0.0,0.0,0.0,0.0,0.0,3.191067473754369e-09,0.0,0.0,2.9982297279827564e-09,3.191067473754369e-09
1716,6.382134947508738e-09,3.191067473754369e-09,0.0,0.0,0.0,0.0,0.0,0.0,0.0,0.0,0.0,3.191067473754369e-09,0.0,0.0,5.4433372095478e-09,3.191067473754369e-09
1717,0.0,0.0,0.0,0.0,0.0,0.0,0.0,0.0,0.0,0.0,0.0,0.0,0.0,0.0,5.4433372095478e-09,0.0
1718,0.0,0.0,0.0,0.0,0.0,0.0,0.0,0.0,0.0,0.0,0.0,0.0,0.0,0.0,5.4433372095478e-09,0.0
1719,0.0,0.0,0.0,0.0,0.0,0.0,0.0,0.0,0.0,0.0,0.0,0.0,0.0,0.0,5.4433372095478e-09,0.0
1720,0.0,0.0,0.0,0.0,0.0,0.0,0.0,0.0,0.0,0.0,0.0,0.0,0.0,0.0,5.4433372095478e-09,0.0
1721,0.0,0.0,0.0,0.0,0.0,0.0,0.0,0.0,0.0,0.0,0.0,0.0,0.0,0.0,7.49000709073958e-09,2.522449804587268e-09
1722,0.0,0.0,0.0,0.0,0.0,0.0,0.0,0.0,0.0,0.0,0.0,0.0,0.0,0.0,7.49000709073958e-09,2.522449804587268e-09
1723,0.0,0.0,0.0,0.0,0.0,0.0,0.0,0.0,0.0,0.0,0.0,0.0,0.0,0.0,5.044899609174536e-09,2.522449804587268e-09
1724,0.0,0.0,0.0,0.0,0.0,0.0,0.0,0.0,0.0,0.0,0.0,0.0,0.0,0.0,1.6998753896554523e-08,4.9132205605571605e-09
1725,0.0,0.0,0.0,0.0,0.0,9.218970222134106e-09,0.0,0.0,0.0,0.0,0.0,0.0,0.0,0.0,1.6998753896554523e-08,4.9132205605571605e-09
1726,0.0,0.0,0.0,0.0,0.0,2.3256141901129013e-08,0.0,0.0,0.0,0.0,9.358114791016955e-09,0.0,0.0,0.0,1.6998753896554523e-08,2.128992119107157e-08
1727,1.6441826947552078e-09,0.0,0.0,0.0,0.0,2.3256141901129013e-08,0.0,0.0,1.6441826947552078e-09,0.0,9.358114791016955e-09,0.0,0.0,0.0,1.6998753896554523e-08,2.128992119107157e-08
1728,1.6441826947552078e-09,0.0,0.0,0.0,0.0,2.528435226269364e-08,0.0,0.0,1.6441826947552078e-09,0.0,9.358114791016955e-09,0.0,0.0,4.056420723129252e-09,1.3982064648944612e-08,2.485210259806081e-08
1729,1.6441826947552078e-09,0.0,0.0,0.0,0.0,2.528435226269364e-08,0.0,0.0,1.6441826947552078e-09,0.0,9.358114791016955e-09,0.0,0.0,4.056420723129252e-09,1.3982064648944612e-08,2.65668244229086e-08
1730,1.6441826947552078e-09,0.0,0.0,0.0,0.0,2.528435226269364e-08,0.0,0.0,1.6441826947552078e-09,0.0,9.358114791016955e-09,0.0,0.0,4.056420723129252e-09,1.3982064648944612e-08,2.65668244229086e-08
1731,1.6441826947552078e-09,0.0,0.0,0.0,0.0,2.528435226269364e-08,0.0,0.0,1.6441826947552078e-09,0.0,9.358114791016955e-09,0.0,0.0,4.056420723129252e-09,2.028210361564626e-09,2.417605366693871e-08
1732,1.6441826947552078e-09,0.0,0.0,0.0,0.0,1.6065382040559532e-08,0.0,0.0,1.6441826947552078e-09,0.0,9.358114791016955e-09,0.0,0.0,4.056420723129252e-09,5.313413835900909e-09,2.417605366693871e-08
1733,1.6441826947552078e-09,0.0,0.0,0.0,0.0,4.921363253426339e-09,0.0,0.0,1.6441826947552078e-09,0.0,0.0,0.0,0.0,4.056420723129252e-09,9.653142919928217e-09,1.3585658820147728e-08
1734,3.028610759007019e-09,0.0,0.0,0.0,0.0,4.921363253426339e-09,0.0,0.0,0.0,0.0,0.0,3.028610759007019e-09,0.0,5.5707261026327615e-09,1.4196058804673482e-08,1.509996419965124e-08
1735,3.028610759007019e-09,0.0,0.0,0.0,0.0,2.8931528918617134e-09,0.0,0.0,0.0,0.0,0.0,3.028610759007019e-09,0.0,1.5143053795035095e-09,1.2167848443108857e-08,9.015332988074728e-09
1736,7.510199700228831e-09,0.0,0.0,0.0,0.0,5.880879021853096e-09,0.0,0.0,0.0,0.0,0.0,3.028610759007019e-09,0.0,1.5143053795035095e-09,2.7106479600596297e-08,1.028833729321832e-08
1737,7.510199700228831e-09,0.0,0.0,0.0,0.0,5.880879021853096e-09,0.0,0.0,0.0,0.0,0.0,3.028610759007019e-09,0.0,1.5143053795035095e-09,3.355873496551405e-08,1.028833729321832e-08
1738,1.0809047371448547e-08,1.0996158904065722e-09,0.0,0.0,0.0,1.2478574364292529e-08,0.0,0.0,0.0,0.0,0.0,3.028610759007019e-09,0.0,1.5143053795035095e-09,7.42445216417309e-08,5.42729708793591e-08
1739,1.0809047371448547e-08,1.0996158904065722e-09,0.0,0.0,0.0,1.3690328616787286e-08,0.0,0.0,0.0,0.0,0.0,3.028610759007019e-09,0.0,1.5143053795035095e-09,7.095931816739462e-08,5.790823363684337e-08
1740,1.3961914798902138e-08,1.0996158904065722e-09,0.0,0.0,0.0,1.2373609438652368e-08,0.0,0.0,0.0,0.0,0.0,3.028610759007019e-09,0.0,1.5143053795035095e-09,7.607819187325862e-08,5.2121927853119946e-08
1741,1.093330403989512e-08,4.151462158168735e-09,0.0,0.0,0.0,1.2373609438652368e-08,0.0,0.0,0.0,0.0,0.0,0.0,0.0,1.5259231338810813e-09,7.611304551703921e-08,5.823723801613921e-08
1742,1.093330403989512e-08,4.151462158168735e-09,0.0,0.0,0.0,7.703302681453092e-08,0.0,0.0,0.0,0.0,0.0,0.0,0.0,1.5259231338810813e-09,7.611304551703921e-08,6.999349544400957e-08
1743,6.451715098673308e-09,4.151462158168735e-09,0.0,0.0,0.0,7.860890554362803e-08,0.0,0.0,0.0,0.0,0.0,0.0,0.0,1.5259231338810813e-09,6.573801921864028e-08,6.928757174356243e-08
1744,2.3105360926121776e-08,4.151462158168735e-09,0.0,0.0,0.0,8.554792430004454e-08,0.0,0.0,0.0,0.0,0.0,0.0,0.0,1.5259231338810813e-09,7.038819406700116e-08,7.622659049997895e-08
1745,2.650230206719633e-08,3.0518462677621626e-09,0.0,0.0,0.0,8.397207043994318e-08,0.0,0.0,0.0,0.0,0.0,0.0,0.0,1.5259231338810813e-09,4.1420037685416644e-08,3.391590411691173e-08
1746,3.6319552318023595e-08,3.0518462677621626e-09,0.0,0.0,0.0,1.0403102607930187e-07,0.0,0.0,0.0,0.0,0.0,0.0,0.0,1.5259231338810813e-09,5.6145913061657534e-08,5.8096184751832425e-08
1747,4.685161515892235e-08,4.4203392692208715e-09,0.0,0.0,0.0,1.2298198726057308e-07,0.0,0.0,0.0,9.579450883328328e-09,0.0,0.0,0.0,1.5259231338810813e-09,6.858319829510557e-08,7.999207277517176e-08
1748,6.81017457030261e-08,1.3684930014587086e-09,0.0,0.0,0.0,1.3431539055578208e-07,0.0,0.0,0.0,9.579450883328328e-09,0.0,0.0,0.0,0.0,8.950558541950418e-08,1.0777934214952925e-07
1749,9.627537015230051e-08,1.3684930014587086e-09,0.0,0.0,0.0,8.62286932650542e-08,1.6572720338915913e-09,0.0,0.0,9.579450883328328e-09,0.0,0.0,0.0,0.0,8.950558541950418e-08,1.2253943726392436e-07
1750,1.010592128076431e-07,1.3684930014587086e-09,0.0,0.0,0.0,8.525297039747265e-08,1.6572720338915913e-09,0.0,0.0,9.579450883328328e-09,0.0,0.0,0.0,0.0,1.1005715500849484e-07,1.393930054557505e-07
1751,1.2181126101446743e-07,8.295473133809343e-09,0.0,0.0,0.0,7.831395164105612e-08,1.6572720338915913e-09,0.0,0.0,9.579450883328328e-09,0.0,0.0,0.0,0.0,1.1557947792490658e-07,1.379955709067206e-07
1752,1.1743571600878308e-07,8.295473133809343e-09,0.0,0.0,0.0,8.141296348185278e-08,1.6572720338915913e-09,0.0,0.0,9.579450883328328e-09,0.0,0.0,0.0,0.0,1.1778331046993376e-07,1.5256333034991648e-07
1753,1.1170294784384233e-07,8.295473133809343e-09,1.3614940286288402e-09,0.0,0.0,7.920316948327257e-08,1.6572720338915913e-09,0.0,0.0,9.579450883328328e-09,0.0,0.0,0.0,0.0,1.275643281165425e-07,1.601466322093919e-07
1754,1.6764114439484145e-07,8.192855156201923e-09,1.3614940286288402e-09,0.0,0.0,6.500514970753102e-08,1.6572720338915913e-09,0.0,0.0,0.0,0.0,0.0,0.0,0.0,1.3225181508654975e-07,1.7875874494929382e-07
1755,1.6119238743783626e-07,1.4920751872133612e-08,1.3614940286288402e-09,0.0,0.0,6.039964312825369e-08,1.6572720338915913e-09,0.0,0.0,0.0,0.0,0.0,0.0,0.0,1.43082301308693e-07,1.850548194681778e-07
1756,1.8177857263879105e-07,1.4920751872133612e-08,1.3614940286288402e-09,0.0,0.0,4.99218992493817e-08,0.0,0.0,0.0,0.0,0.0,0.0,0.0,0.0,1.776205006568229e-07,1.8596586112299258e-07
1757,1.94861720917824e-07,2.2277748407922056e-08,1.3614940286288402e-09,0.0,0.0,7.15580042205082e-08,0.0,0.0,2.1019989558469986e-09,0.0,0.0,0.0,0.0,0.0,1.6616831897766004e-07,2.1202346900395241e-07
1758,1.719633058172576e-07,1.758265736181589e-08,1.3614940286288402e-09,0.0,0.0,7.490583797675754e-08,0.0,0.0,2.1019989558469986e-09,0.0,0.0,1.1159445431222333e-09,0.0,0.0,1.52891399604219e-07,2.4777183175014474e-07
1759,1.8530404715428566e-07,1.9992039769687964e-08,1.3614940286288402e-09,0.0,0.0,8.244596979726079e-08,0.0,0.0,3.306690159783037e-09,0.0,0.0,1.1159445431222333e-09,0.0,0.0,1.5463092190819744e-07,3.038115993701597e-07
1760,1.9661943184701158e-07,2.0954531443351243e-08,0.0,0.0,0.0,8.35973799390948e-08,0.0,0.0,3.306690159783037e-09,0.0,0.0,1.1159445431222333e-09,0.0,0.0,1.5322383006832752e-07,3.954616525041794e-07
1761,1.7113569888189367e-07,2.073959435934723e-08,0.0,0.0,1.0509379398472772e-09,1.4032427943431814e-07,0.0,5.254689889560333e-09,3.306690159783037e-09,1.1560317147996102e-08,2.1018758796945545e-09,1.1159445431222333e-09,0.0,2.1018758796945545e-09,1.5501578027559454e-07,3.9909304559517166e-07
1762,1.7890290645742164e-07,1.401169764341554e-08,0.0,0.0,1.0509379398472772e-09,3.0339808532175994e-07,1.0746943652455749e-09,9.553467350542633e-09,3.306690159783037e-09,5.132401018467395e-08,3.176570244940129e-09,1.1159445431222333e-09,0.0,2.1018758796945545e-09,1.702704669323144e-07,4.3260868868141446e-07
1763,1.3868572880580488e-07,1.401169764341554e-08,0.0,0.0,1.0509379398472772e-09,3.2103264199382207e-07,1.0746943652455749e-09,9.553467350542633e-09,3.306690159783037e-09,5.132401018467395e-08,6.024114159889191e-09,1.1159445431222333e-09,0.0,2.1018758796945545e-09,1.7559788087087975e-07,4.820649824718462e-07
1764,1.5484338941210547e-07,7.752270508072051e-09,0.0,0.0,1.0509379398472772e-09,3.397114300339256e-07,1.0746943652455749e-09,9.553467350542633e-09,1.2046912039360385e-09,5.132401018467395e-08,6.024114159889191e-09,1.1159445431222333e-09,0.0,2.1018758796945545e-09,1.8278870632976967e-07,4.676039476895052e-07
1765,1.675926110270406e-07,5.520381421827583e-09,0.0,0.0,1.0509379398472772e-09,3.4415116800801115e-07,1.0746943652455749e-09,9.553467350542633e-09,1.2046912039360385e-09,5.132401018467395e-08,6.024114159889191e-09,0.0,0.0,2.1018758796945545e-09,2.1545839347579333e-07,4.6427841279442615e-07
1766,1.7264039594725285e-07,3.1109990139555066e-09,0.0,0.0,1.0509379398472772e-09,3.557385649547281e-07,1.0746943652455749e-09,9.553467350542633e-09,0.0,5.132401018467395e-08,6.024114159889191e-09,0.0,0.0,2.1018758796945545e-09,2.314055304200987e-07,4.3341447865584216e-07
1767,1.7185867205528537e-07,2.1485073402922286e-09,0.0,0.0,1.0509379398472772e-09,3.4326525571210756e-07,1.0746943652455749e-09,1.385292134971548e-08,0.0,5.132401018467395e-08,6.024114159889191e-09,0.0,0.0,2.1018758796945545e-09,2.194843093304501e-07,3.2356339626663354e-07
1768,1.4452410519132692e-07,2.976462720738482e-08,9.885192347220644e-10,0.0,0.0,2.970138080879029e-07,1.0746943652455749e-09,1.1563789164321342e-08,2.965557704166193e-09,3.9763693036677846e-08,3.922238280194636e-09,0.0,0.0,1.4827788520830966e-08,2.0692529188538954e-07,3.169877333318384e-07
1769,1.3838759725461257e-07,9.111103148131048e-08,9.885192347220644e-10,0.0,0.0,1.50217006579721e-07,0.0,7.2650117033390416e-09,2.965557704166193e-09,0.0,3.943015437966681e-09,0.0,0.0,4.3310048373054344e-08,1.6848562012228285e-07,2.757187473889644e-07
1770,1.372779776837823e-07,9.94731703991241e-08,9.885192347220644e-10,9.2912655347277e-10,0.0,1.6086515535513562e-07,0.0,7.2650117033390416e-09,2.965557704166193e-09,0.0,1.09547152301762e-09,0.0,9.2912655347277e-10,4.5168301479999884e-08,1.4069865171352701e-07,2.2949623509508195e-07
1771,1.1617912777848818e-07,9.936989339312926e-08,9.885192347220644e-10,9.2912655347277e-10,0.0,1.41819690721182e-07,0.0,7.2650117033390416e-09,2.965557704166193e-09,0.0,1.09547152301762e-09,0.0,9.2912655347277e-10,4.5168301479999884e-08,1.3774209760088395e-07,2.723419255192182e-07
1772,9.455172746340525e-08,1.0499899362668787e-07,9.885192347220644e-10,9.2912655347277e-10,0.0,1.661984069098058e-07,0.0,7.2650117033390416e-09,3.769714889451896e-09,0.0,1.09547152301762e-09,0.0,9.2912655347277e-10,4.597245866528559e-08,1.2263266415045238e-07,2.7378121712575064e-07
1773,1.3725587980470015e-07,1.0584449926044823e-07,9.885192347220644e-10,9.2912655347277e-10,0.0,1.6854272288924221e-07,0.0,7.2650117033390416e-09,3.769714889451896e-09,0.0,2.7864827905383596e-09,0.0,9.2912655347277e-10,4.597245866528559e-08,1.2315375589163784e-07,2.907035638242762e-07
1774,1.3965947839470312e-07,1.0962710853387339e-07,9.885192347220644e-10,9.2912655347277e-10,0.0,1.8633631831172742e-07,0.0,2.965557704166193e-09,3.769714889451896e-09,0.0,2.7864827905383596e-09,0.0,9.2912655347277e-10,4.597245866528559e-08,1.3845344121981335e-07,2.895818371127591e-07
1775,2.1588048174489165e-07,8.186321411228294e-08,0.0,1.8322899388221815e-09,0.0,2.0114220993556436e-07,0.0,0.0,8.041571852857032e-10,9.031633853494116e-10,2.7864827905383596e-09,0.0,9.2912655347277e-10,3.1144670144454626e-08,1.4973203426344689e-07,2.962731114410287e-07
1776,2.1538034796922796e-07,2.7077019991241158e-08,0.0,2.7694628178055935e-09,0.0,2.456137561271784e-07,0.0,9.371728789834118e-10,8.041571852857032e-10,9.031633853494116e-10,2.628184146504152e-09,0.0,1.866299432456182e-09,3.599583171214655e-09,1.5064396917198663e-07,2.7918260668359706e-07
1777,2.116886178730023e-07,2.2456163404984053e-08,0.0,2.775656847221951e-09,0.0,2.65484668407875e-07,0.0,9.371728789834118e-10,8.041571852857032e-10,9.031633853494116e-10,3.563504729393279e-09,0.0,9.371728789834118e-10,1.741330064269115e-09,1.7317218643191673e-07,3.4953605165810586e-07
1778,2.0853600573340308e-07,2.3633690813897246e-08,0.0,2.775656847221951e-09,0.0,2.504005475348744e-07,0.0,9.371728789834118e-10,8.041571852857032e-10,2.1535450629122417e-08,3.563504729393279e-09,0.0,9.371728789834118e-10,1.741330064269115e-09,1.6504811181253638e-07,2.9876252532241257e-07
1779,2.2033642948266724e-07,1.8004590580338638e-08,0.0,2.775656847221951e-09,0.0,2.393331562140182e-07,0.0,9.371728789834118e-10,0.0,2.1535450629122417e-08,3.563504729393279e-09,0.0,9.371728789834118e-10,9.371728789834118e-10,1.99180625770623e-07,3.1531676622112824e-07
1780,1.5692350707752212e-07,1.9488300877818735e-08,2.3292159312404692e-09,2.775656847221951e-09,0.0,2.2526856570591137e-07,0.0,9.371728789834118e-10,0.0,2.3088261334537818e-08,1.872493461872539e-09,0.0,9.371728789834118e-10,9.371728789834118e-10,1.9500200514650195e-07,2.8958590446239084e-07
1781,1.721855326256413e-07,2.515459853112491e-08,2.3292159312404692e-09,2.775656847221951e-09,0.0,2.4776789940363285e-07,0.0,9.371728789834118e-10,0.0,2.3088261334537818e-08,1.872493461872539e-09,0.0,9.371728789834118e-10,9.371728789834118e-10,2.0553196021312813e-07,3.3650253072892156e-07
1782,8.660790560911988e-08,2.4251435145775498e-08,2.3292159312404692e-09,1.872493461872539e-09,7.448203323942185e-10,2.9063920996869843e-07,0.0,9.371728789834118e-10,0.0,2.2185097949188404e-08,1.872493461872539e-09,0.0,1.6819932113776304e-09,1.6819932113776304e-09,1.9258864572943173e-07,3.3917120743711037e-07
1783,7.695729387080519e-08,2.397255270482544e-08,3.0271412043703094e-09,9.353205828891272e-10,7.448203323942185e-10,2.552673247383349e-07,0.0,0.0,0.0,2.3580948495448084e-08,1.6332458560189674e-09,0.0,7.448203323942185e-10,7.448203323942185e-10,2.0365636389994635e-07,3.5510458319874617e-07
1784,1.1002540998918318e-07,2.571352121703642e-08,4.593498533925608e-09,0.0,7.448203323942185e-10,2.636730250011559e-07,0.0,1.566357329555298e-09,0.0,3.062955628812298e-08,6.979252731298402e-10,0.0,7.448203323942185e-10,7.448203323942185e-10,1.933280405605079e-07,3.1596107622330495e-07
1785,1.1162453006363648e-07,3.8704780840654555e-08,4.593498533925608e-09,0.0,7.448203323942185e-10,3.3097882123911404e-07,0.0,1.566357329555298e-09,0.0,9.997269044349975e-09,1.3297202704011723e-09,0.0,7.06277043199017e-09,7.448203323942185e-10,2.170399854760165e-07,3.3169646128174334e-07
1786,1.2870596119033246e-07,5.0847524793847954e-08,4.593498533925608e-09,6.390917636370627e-10,7.448203323942185e-10,3.6675908989179463e-07,0.0,2.205449093192361e-09,0.0,1.0636360807987039e-08,1.3297202704011723e-09,3.451095510951875e-08,7.06277043199017e-09,7.448203323942185e-10,1.9842761491060757e-07,3.556249907887832e-07
1787,1.4700732314005499e-07,5.106016460436942e-08,3.2810249120781722e-09,1.1474629183335798e-09,7.448203323942185e-10,4.0410158216478263e-07,0.0,2.205449093192361e-09,0.0,9.591921257268154e-09,2.854833766211381e-09,3.501932626421527e-08,7.06277043199017e-09,7.448203323942185e-10,1.9843743461121578e-07,3.7080285559503476e-07
1788,1.247248947931569e-07,4.582234782089602e-08,3.2810249120781722e-09,1.1474629183335798e-09,7.448203323942185e-10,3.876528121996411e-07,0.0,2.205449093192361e-09,1.0527725358144835e-09,9.591921257268154e-09,2.854833766211381e-09,3.501932626421527e-08,7.06277043199017e-09,7.448203323942185e-10,1.9248600377100695e-07,3.8729446316665417e-07
1789,1.3547619407258287e-07,5.8669055899177435e-08,3.2810249120781722e-09,1.1474629183335798e-09,0.0,3.302997271248387e-07,0.0,2.205449093192361e-09,2.1233315423379348e-09,1.1197759767053332e-08,3.3901132694731065e-09,3.501932626421527e-08,6.317950099595951e-09,0.0,2.2811541100509203e-07,4.522442001838759e-07
1790,1.5605030004702973e-07,6.31299020678203e-08,2.583099638948332e-09,1.6357435406177956e-09,0.0,3.533708751644683e-07,4.882806222842159e-10,2.205449093192361e-09,2.6116121646221504e-09,1.1755031709930514e-08,3.1804686186274823e-09,3.6972448753352135e-08,6.317950099595951e-09,1.9531224891368636e-09,2.3716974340004526e-07,4.965900473052898e-07
1791,1.3448575738753528e-07,7.419920830134938e-08,1.016742309393034e-09,1.6357435406177956e-09,0.0,3.3775784759524997e-07,1.3594152153168742e-09,1.0746590601533918e-09,3.4827467576548088e-09,7.31982775979491e-09,4.4871705398971275e-09,3.740801604986846e-08,6.317950099595951e-09,1.9531224891368636e-09,2.5862577095787334e-07,4.891648472948873e-07
1792,1.3817395024976316e-07,6.830412959045264e-08,1.016742309393034e-09,2.02191025826843e-09,3.8616671765063463e-10,2.911860324924679e-07,1.3594152153168742e-09,1.0746590601533918e-09,4.255080192956078e-09,8.09216119509618e-09,5.013875632136384e-09,3.818034948516973e-08,0.0,1.9531224891368636e-09,2.622126394109208e-07,5.417607025849845e-07
1793,1.2043527521297749e-07,6.386756824992648e-08,1.4700471633639317e-09,1.836123348602265e-09,1.2927764255924297e-09,2.6331837789582225e-07,2.2660249232586693e-09,4.3556729651632915e-10,4.255080192956078e-09,7.453069431459118e-09,5.013875632136384e-09,3.669394375650979e-09,9.066097079417951e-10,2.406427343107761e-09,2.747413308920191e-07,5.217104696190031e-07
1794,1.3938047414642695e-07,7.976460507969868e-08,4.5330485397089756e-10,1.327752193905748e-09,1.2927764255924297e-09,2.4068756131003154e-07,2.2660249232586693e-09,4.3556729651632915e-10,4.255080192956078e-09,7.682253944096828e-09,3.857539969993289e-09,3.8985788882886905e-09,9.066097079417951e-10,2.406427343107761e-09,2.703826993410985e-07,5.211271424546535e-07
1795,1.4780524030097046e-07,1.0125308236297315e-07,4.5330485397089756e-10,1.327752193905748e-09,1.2927764255924297e-09,2.357737461774637e-07,4.205614872227719e-09,1.405362271000854e-09,3.2023076571415945e-09,7.682253944096828e-09,4.827334944477814e-09,3.8985788882886905e-09,3.3310972393150807e-09,2.406427343107761e-09,2.737536297965042e-07,4.751007460462071e-07
1796,1.511372045927471e-07,1.034283277436186e-07,1.4547684009816715e-09,1.8284839674111352e-09,1.2927764255924297e-09,2.5619968572040565e-07,1.1716591601691156e-08,2.406825818011628e-09,3.1332121976289174e-09,1.0583001268977504e-08,4.292055441216089e-09,4.399310661794078e-09,3.8318290128204674e-09,2.406427343107761e-09,2.640311760972379e-07,4.3933855360072424e-07
1797,1.430302469478712e-07,1.120811283783496e-07,1.4547684009816715e-09,1.986702516784281e-09,1.6160260114211106e-09,2.4013717693703386e-07,1.1874810151064302e-08,2.406825818011628e-09,2.6449315753447014e-09,9.922877123155364e-09,5.743272270462642e-09,7.294931801484137e-09,4.801577738585852e-09,1.4676286503550223e-08,2.825412163279647e-07,4.2910288503402884e-07
1798,1.662876637656804e-07,1.3439507335582285e-07,1.8179974034130249e-09,2.7131605216469877e-09,1.6160260114211106e-09,3.2494803698617556e-07,1.1003675558031643e-08,1.971258521495299e-09,1.7737969823120432e-09,8.762389290341486e-09,5.88948635891841e-09,1.1944570665889387e-08,5.1648067410172055e-09,2.593638513483297e-08,2.71313406788717e-07,4.3204715487783165e-07
1799,1.8111472042749354e-07,1.6333775068996408e-07,2.5746444658787074e-09,2.326993803996353e-09,1.6081828250033174e-09,3.33408191214143e-07,1.1003675558031643e-08,4.619523367007819e-09,1.001463547010774e-09,8.368379386273058e-09,9.270868644201918e-09,2.252194342133862e-08,7.056424397181413e-09,2.669303219729865e-08,2.641289630186553e-07,3.923638059534694e-07
1800,1.8692785935010242e-07,1.991498135924173e-07,2.396771543138649e-09,2.6999847437179726e-09,7.015731170615222e-10,3.520464032037905e-07,1.1198793575013205e-08,5.99668308660333e-09,1.276895478241613e-09,9.470107111196415e-09,1.0923460231586951e-08,2.252194342133862e-08,8.35327013908633e-09,2.6515159274558594e-08,2.4822387193320796e-07,3.8871568059611103e-07
1801,1.6212946718496823e-07,2.0837351704423262e-07,2.950023463605638e-09,2.976610703951467e-09,7.015731170615222e-10,5.107421584073433e-07,1.1752045495480194e-08,5.99668308660333e-09,1.276895478241613e-09,2.7266490271975792e-08,1.3597567960488277e-08,2.897666272007525e-08,8.629896099319824e-09,3.785682415166239e-08,2.4592229002402224e-07,3.7913324847847563e-07
1802,1.580609268866543e-07,2.5856393343864123e-07,3.2918702367165255e-09,5.711384888838568e-09,1.0434198901724097e-09,5.456052178942628e-07,1.0837995834123149e-08,5.026888112118806e-09,1.276895478241613e-09,2.760833704508668e-08,1.7071780814400687e-08,6.145210575324103e-08,6.547255341057426e-09,4.024975165860058e-08,2.5559280507942664e-07,4.239582348678336e-07
1803,1.500294877538571e-07,2.873420714065235e-07,2.2904066897057517e-09,6.1106549661563545e-09,1.0434198901724097e-09,5.305503805175249e-07,9.627032060421925e-09,5.5254277344017416e-09,5.754325587454495e-10,2.310175121042083e-08,2.0071787152988107e-08,6.18513758305588e-08,6.3465241950666496e-09,4.024975165860058e-08,2.365343090916992e-07,3.832470838460722e-07
1804,1.6514201714049444e-07,3.549804615334194e-07,2.5549457946131125e-09,5.464155794498993e-09,7.201703043437289e-10,5.23710949908361e-07,1.1096845728023449e-08,5.789966839309102e-09,8.399716636528101e-10,2.2073291972013465e-08,2.7126618792497733e-08,6.36161097133936e-08,1.0667557377124531e-08,2.7614004606744758e-08,2.1717655280489063e-07,3.549571252798549e-07
1805,1.5314419852886984e-07,3.7388871427473145e-07,3.0851253773889198e-09,5.0355006513720065e-09,1.3157760278151694e-09,4.3265781357604283e-07,1.3479268621909211e-08,7.278981211429019e-09,8.399716636528101e-10,2.151378454749521e-08,3.133195709230969e-08,6.56781722341293e-08,1.3580159790344787e-08,1.7545117422404895e-08,2.2287318098993376e-07,3.583187273242012e-07
1806,1.387312248571756e-07,4.293400012654404e-07,3.4144141006616937e-09,6.935888308134963e-09,9.374524965823282e-10,4.240966912253238e-07,1.402223651477844e-08,6.2596201079654995e-09,1.1114556100874244e-09,2.194991288728687e-08,3.2221753519325243e-08,5.7586273527476806e-08,1.7661188765418145e-08,1.7602922230963713e-08,2.2149143725463156e-07,3.4297409407762256e-07
1807,1.2573683656163276e-07,4.372813232781222e-07,3.138982169430855e-09,6.294035403975329e-09,9.374524965823282e-10,4.13519990567173e-07,1.4211608969004276e-08,5.435789072828965e-09,1.2049094579223508e-09,2.1032628051896396e-08,3.610244852276472e-08,6.920617577423269e-08,1.748660511629347e-08,1.8065261857864405e-08,2.2163932555940846e-07,3.3418780276406324e-07
1808,1.236051890681925e-07,4.501299437314239e-07,3.843842593426976e-09,6.0174094437418344e-09,1.4406974343675723e-09,2.462239844395039e-07,1.5419714330785642e-08,5.6874115417215876e-09,1.456531926814973e-09,2.498689223782792e-09,3.5575787649122503e-08,6.729797265490691e-08,2.4003785816160772e-08,7.730086856331094e-09,2.2474650458142215e-07,3.317938178172751e-07
1809,1.2674217535797133e-07,4.208920967942374e-07,3.9041694163291905e-09,3.483722056861284e-09,1.0988506612566847e-09,2.2229479717290295e-07,1.519852123519984e-08,6.290671967461898e-09,1.657618724821524e-09,3.162276408984001e-09,3.676221029179162e-08,3.683339753836533e-08,4.09554042425851e-08,6.141506541419111e-09,2.1624063403383582e-07,3.0901086185102553e-07
1810,1.2808325473250598e-07,5.071283745954653e-07,4.139742548758818e-09,3.5260127357566215e-09,1.0988506612566847e-09,2.426690619878562e-07,1.0076373957446094e-08,5.261815063027444e-09,1.3576180973069135e-09,5.518007765000935e-09,4.05938246826411e-08,5.1245649501652224e-08,7.905382329706104e-08,7.0837990711376216e-09,2.409417772599097e-07,3.400424109908532e-07
1811,1.1687716749975152e-07,4.976547854442157e-07,5.2078456309294955e-09,3.792541185860492e-09,1.0988506612566847e-09,3.1620708235940196e-07,1.6488971521511075e-08,4.9972759581200825e-09,1.3596074425034237e-09,7.918753034249652e-09,3.533089401993753e-08,6.142346415621042e-08,1.3719681314837218e-07,1.2692832689659944e-08,2.5318621307438403e-07,3.787129563599072e-07
1812,1.1074011244513063e-07,5.200615476042003e-07,4.572252211763685e-09,3.494738324124772e-09,5.032449377852442e-10,3.130491056221477e-07,2.003629725625241e-08,6.34422847589633e-09,2.1330529406274732e-09,8.314420215807924e-09,3.508675813382719e-08,7.232325620926921e-08,1.893512407186953e-07,1.614229410457873e-08,2.444362792175525e-07,3.790633635552305e-07
1813,1.0921094428795186e-07,5.153016177570992e-07,4.067375499897505e-09,1.594350667361815e-09,5.032449377852442e-10,3.136327190337137e-07,2.259231100611357e-08,6.652188228833162e-09,1.8615689941928589e-09,9.824204640272529e-09,3.120657015338273e-08,7.255180304152223e-08,2.680195329166476e-07,2.3850042068269365e-08,2.4324023887142434e-07,3.712342057886937e-07
1814,1.1420162187343002e-07,5.814364669731731e-07,4.067375499897505e-09,3.761796112706455e-09,5.032449377852442e-10,3.200696312433138e-07,2.624017663472549e-08,7.2748037118129466e-09,1.4926832151270934e-09,1.1991650085617169e-08,2.9201116064874507e-08,6.798756579939891e-08,4.115725522930396e-07,4.333851100213337e-08,2.3567610339471556e-07,3.5769957459511457e-07
1815,1.3309915049473731e-07,6.831002882076323e-07,6.055268778456682e-09,8.955405211048223e-09,0.0,3.1855533271547234e-07,2.5777221627062578e-08,7.239581616731121e-09,1.4574611200452686e-09,1.3506452718153078e-08,2.993089699897057e-08,7.785152002424769e-08,6.004046895213833e-07,4.7958430940805586e-08,2.3702036904588957e-07,3.904221464218998e-07
1816,1.3471384262077534e-07,7.314732053081181e-07,5.653095182443581e-09,1.0317801850996083e-08,0.0,3.2976752655551014e-07,2.862100258381263e-08,7.852363949543774e-09,1.4300947093204286e-09,1.354334105181059e-08,2.8817196375184395e-08,8.3310628998642e-08,7.080161838400402e-07,5.705614539560802e-08,2.3026558843801987e-07,4.011096552046313e-07
1817,1.387106911871732e-07,7.061159245885002e-07,6.273792723427667e-09,1.1302118288877442e-08,0.0,3.0401862919201707e-07,3.108228734711409e-08,8.879691410739504e-09,2.0722976985203853e-09,1.1187609695793656e-08,2.819353779009199e-08,7.827362301173122e-08,7.999849702043451e-07,6.553283071752958e-08,2.1068065742773407e-07,3.6657411328633316e-07
1818,1.2893156662942472e-07,7.254757617504635e-07,6.5798879360962866e-09,1.1972011191931285e-08,0.0,2.2419253095254783e-07,2.5128535569811968e-08,1.0986639423623704e-08,2.7421906015742283e-09,9.692851981364064e-09,2.7739614161248483e-08,7.552865126975966e-08,9.762750648535854e-07,7.28510930311391e-08,1.950697777276998e-07,3.370383499908972e-07
1819,1.4122600638139765e-07,8.150165870444783e-07,6.522452149810525e-09,1.2172390571686873e-08,0.0,2.2001487463642532e-07,2.120258077046141e-08,9.753707571772248e-09,2.369503862961356e-09,1.2812122410618291e-08,2.653346279199046e-08,7.01054916975506e-08,1.0502898817321693e-06,7.422180153022445e-08,1.9507588839522733e-07,3.1921810464804625e-07
1820,1.5134377256182624e-07,8.876321706858497e-07,6.633858779763508e-09,1.2345506997643189e-08,1.7311642595631482e-10,2.1135707787120088e-07,2.4682023536115594e-08,8.336193338795032e-09,2.542620288917671e-09,1.5162029600089355e-08,3.190862913576049e-08,8.375766366189705e-08,1.1020646866199968e-06,1.0603572826133651e-07,1.9130994693179154e-07,3.3906626332022173e-07
1821,1.5344015175904652e-07,9.152165278335036e-07,6.951536632041463e-09,1.1423168982156134e-08,1.7311642595631482e-10,1.8976691608583807e-07,3.0385265351437086e-08,7.79560487591218e-09,3.336814903752229e-09,1.3286658059489095e-08,3.425783669440209e-08,9.750989755324164e-08,1.102932279601581e-06,1.0566435396494203e-07,1.8775297405682068e-07,3.4903861489965493e-07
1822,1.4870613439045754e-07,1.0850844448993615e-06,4.7900894837939384e-09,6.384496804250668e-09,1.7311642595631482e-10,2.1658756972036436e-07,4.1636754108001894e-08,9.28351065862135e-09,4.050036052559238e-09,1.3011350790443593e-08,4.789995498656806e-08,8.902415921901203e-08,1.1000478658778384e-06,1.4853320046930613e-07,1.8818567022143335e-07,3.267952897496278e-07
1823,1.405060327134119e-07,1.1581283437018492e-06,5.471910813348302e-09,4.821013366296256e-09,1.7311642595631482e-10,2.0527231470168772e-07,5.4352337868530346e-08,8.57883389723416e-09,4.72859232722048e-09,1.4014492487137074e-08,4.798551905033881e-08,8.683829782236379e-08,1.1537800901351147e-06,1.6743809031335592e-07,1.8389365509717338e-07,3.015171025871106e-07
1824,1.4879286323678441e-07,1.340614638983035e-06,5.427759464105009e-09,3.2192521347086866e-09,3.3554029396246475e-10,2.289152933242024e-07,7.05288986578369e-08,7.730055643203774e-09,4.248813206026674e-09,1.856236085475059e-08,4.7949664048831305e-08,8.013637499613782e-08,1.209388212178705e-06,1.9521417726764412e-07,1.779179582074773e-07,3.157493974218336e-07
1825,1.641060295907794e-07,1.529676572837551e-06,3.789022064358351e-09,3.949919851515509e-09,1.2448615471782887e-09,2.952257074996721e-07,9.720357484001494e-08,7.593303700100965e-09,3.7670524794768716e-09,2.2089994024452964e-08,4.7551706572335206e-08,8.851998042505979e-08,1.177292712587327e-06,2.622354569682882e-07,1.6704822160461064e-07,3.102753477638284e-07
1826,1.593296395136739e-07,1.5921250938585478e-06,4.841921308340602e-09,5.31613875143222e-09,1.2448615471782887e-09,3.3711572403457725e-07,1.1854209448967725e-07,7.713526769695785e-09,5.559531311506914e-09,2.1128164043712364e-08,5.5406546398525536e-08,1.0613142669464131e-07,1.1926013192870805e-06,3.2687765992380135e-07,1.6143753051827453e-07,3.033384814443707e-07
1827,1.562278930984056e-07,1.6848619484984998e-06,5.18458834594274e-09,6.0487634583645496e-09,1.3305283065788232e-09,3.6654034017504144e-07,1.2826701123458406e-07,7.71174387840087e-09,6.421547626977997e-09,1.930063569283951e-08,5.482207729049346e-08,1.0827224729480025e-07,1.2044683411919062e-06,3.481319298868714e-07,1.633838410595802e-07,3.0036978111119037e-07
1828,1.7081313785638486e-07,1.7738076881609492e-06,5.427687759557947e-09,5.740767670760403e-09,2.0314999048056036e-09,4.2551269124097804e-07,1.3991570061274876e-07,7.4969711074045e-09,6.8891018128220645e-09,2.4151502892826622e-08,5.3571449498690527e-08,1.0891407851789023e-07,1.2350842715542448e-06,4.1225346235153536e-07,1.6387651515157942e-07,2.953640603209351e-07
1829,1.6717079631689558e-07,1.660073004521629e-06,6.269302410544242e-09,5.848490707600311e-09,3.607459711904174e-09,4.412549807446859e-07,1.4470136733280015e-07,5.792664950884532e-09,6.222140247480468e-09,2.667680045119271e-08,4.211163151524033e-08,1.299186399096795e-07,1.1546736524386297e-06,4.840564693202915e-07,1.6562168525524612e-07,2.9115794372306223e-07
1830,1.8297431633332702e-07,1.7362506891264014e-06,7.794179143364285e-09,7.93904688021842e-09,4.652737798213227e-09,4.597352553251507e-07,1.5772158385678787e-07,6.326577040027814e-09,5.834431620372576e-09,2.625732456859201e-08,4.7729834053354484e-08,1.467015070691754e-07,1.0878812223121973e-06,5.892773994479025e-07,1.6151710927455758e-07,2.798648779389623e-07
1831,2.033283814333637e-07,1.6931651316554053e-06,7.095374502227461e-09,1.0220436909490007e-08,6.1900341677808714e-09,5.198169300716213e-07,1.6056880980386268e-07,6.130140300137603e-09,7.37172798994022e-09,2.556215543998113e-08,4.6656887623238874e-08,2.0420479529548174e-07,1.0083083777447297e-06,6.754820235853134e-07,1.6709898277765335e-07,2.8110203840826996e-07
1832,2.0781873948700585e-07,1.648989658471172e-06,7.513001578006242e-09,9.493008760027725e-09,6.638000910846082e-09,4.982042095694592e-07,1.6807015766419552e-07,4.264350999300908e-09,7.856728283834563e-09,2.22212836068333e-08,4.6387539396976404e-08,2.284446968100643e-07,8.738691527858984e-07,7.548370441717063e-07,1.7650628438202277e-07,2.6711283242418305e-07
1833,2.03592833258881e-07,1.6599815190992168e-06,7.614674660657731e-09,8.760226924816753e-09,6.950682093379409e-09,4.892434698636602e-07,1.6567748214616325e-07,2.7495470027767102e-09,6.288853057359997e-09,2.0650854359871573e-08,3.765999829446238e-08,2.4886369739566104e-07,8.270889030167641e-07,8.29788656834093e-07,1.7348313820418427e-07,2.699571228146981e-07
1834,2.1681490482348765e-07,1.6081901321740588e-06,7.019201180608852e-09,9.173463607784323e-09,6.69189890802256e-09,5.338821316464808e-07,1.6377298196955182e-07,3.3311288330902957e-09,5.363635131277229e-09,2.0991768958010326e-08,3.5936232275649415e-08,2.705825770427899e-07,7.636603770931418e-07,8.771238445401e-07,1.7184450890843956e-07,2.674464058470351e-07
1835,2.1552564939091618e-07,1.5990335019263772e-06,6.999472263696e-09,8.592957424978311e-09,5.990927309795779e-09,5.498376570553123e-07,1.5782174399094272e-07,4.6419005147616386e-09,4.967563638214045e-09,2.0966658377728564e-08,3.628746471560719e-08,3.078906952883439e-07,6.727298520153064e-07,9.354431540486985e-07,1.6907559289133394e-07,2.64105352698607e-07
1836,2.2671230226478656e-07,1.613676918818133e-06,6.195171003182358e-09,9.554157718940002e-09,4.414967502697209e-09,5.263130081597669e-07,1.5986397374133177e-07,4.845877223301289e-09,4.8068920352076614e-09,2.117941136755722e-08,3.524465798575095e-08,3.2662854770088803e-07,6.395419031183078e-07,9.29677810290741e-07,1.631755667728742e-07,2.579950343520717e-07
1837,2.453509974234943e-07,1.6081918374766246e-06,4.2962875717351375e-09,1.0131328411132147e-08,3.67750404731534e-09,5.243027284710219e-07,1.4761505947750004e-07,4.416228398846605e-09,4.444928877348328e-09,2.355501343182758e-08,2.923096152431169e-08,3.4580872514717545e-07,5.882340263139798e-07,9.268815688301402e-07,1.663336957692861e-07,2.6767648770536265e-07
1838,2.203650422773405e-07,1.5486860677680982e-06,4.939036608269427e-09,9.037218084984033e-09,2.922863443341076e-09,4.87340047681885e-07,1.4782304954711174e-07,4.53001747224846e-09,3.1232404995584773e-09,2.2065013435427057e-08,2.8101135386902698e-08,3.5022613279319816e-07,5.447738463512255e-07,9.77660054754129e-07,1.5866228458045433e-07,2.51026037290103e-07
1839,2.0869391497464157e-07,1.5069185142887624e-06,7.009221647535924e-09,9.203251494227516e-09,1.8419990294964756e-09,4.928574242057948e-07,1.3751638964062556e-07,5.899869767337204e-09,2.6442855286365077e-09,2.4761937896958638e-08,2.954517874798057e-08,3.7303076234301056e-07,5.203273961537239e-07,9.692629013053583e-07,1.5568234549131636e-07,2.604175486047617e-07
1840,2.041390193393714e-07,1.4479145582819392e-06,6.389064008008713e-09,1.0114570895122403e-08,1.5293178469631486e-09,5.469710190806966e-07,1.387024235149121e-07,9.365385990532462e-09,3.212963585662111e-09,3.3172967864710956e-08,2.979203398264677e-08,3.675662501986413e-07,4.680948921174734e-07,9.374589353683405e-07,1.565537287108652e-07,2.4850740690648567e-07
1841,1.9663115681721267e-07,1.4425096748839548e-06,8.389250405471671e-09,9.52754681498342e-09,1.935958790103395e-09,5.457297049815679e-07,1.4390367653049907e-07,9.486160618925915e-09,3.6723460780255633e-09,3.486512945016784e-08,3.208850810462341e-08,3.7219313802389866e-07,4.1796779117118733e-07,9.44263368702585e-07,1.5417285632273498e-07,2.391236872004551e-07
1842,1.9527647257941032e-07,1.408433133422347e-06,8.99297775929548e-09,1.0202822650232487e-08,2.07905575295391e-09,5.149213028029667e-07,1.4530803988626368e-07,8.184096892246577e-09,3.2359596589616656e-09,3.564447708421474e-08,3.254854798383024e-08,4.023700504213983e-07,3.657468811622623e-07,9.093619317874462e-07,1.6234594316496702e-07,2.490642003749599e-07
1843,1.8522261565781912e-07,1.4438560031391847e-06,8.879587319400782e-09,1.1212028448527787e-08,2.223124525738537e-09,5.539871170055579e-07,1.3954475162693468e-07,9.564876636756838e-09,4.07041835158241e-09,4.203988268614012e-08,3.118849305800657e-08,4.062453505022339e-07,3.201719433068969e-07,9.352240389099669e-07,1.70642936479583e-07,2.702932724624978e-07
1844,1.649248702051409e-07,1.4713970456016665e-06,8.715758955827165e-09,1.0200143650353409e-08,2.4912549642256263e-09,5.666105989478507e-07,1.4789530768309434e-07,9.525192444316742e-09,5.911628107670351e-09,4.386973654188101e-08,3.1373274010450455e-08,3.9717912159176194e-07,2.957036246341106e-07,9.489865777011021e-07,1.6511409179591802e-07,2.782230999238371e-07
1845,1.6563009808123752e-07,1.4979336810938548e-06,8.192452335567931e-09,1.0239730143167338e-08,1.7789324299347494e-09,5.52533232881355e-07,1.5955001738835302e-07,1.0199515835093313e-08,6.54221032903024e-09,4.4144951059722966e-08,2.9110824861788842e-08,3.66831423142295e-07,2.6930418479358717e-07,8.87618008554065e-07,1.7212325076343404e-07,2.908784202710584e-07
1846,1.7030761918184518e-07,1.5534043313891743e-06,6.303723860361694e-09,1.018243216727959e-08,1.5025088474983151e-09,5.274043490187199e-07,1.6568066740774157e-07,9.548996767908387e-09,7.0550153021185585e-09,4.4434095006603714e-08,2.895065609465064e-08,3.40490986770549e-07,2.5253758297237384e-07,8.80551884360362e-07,1.654712755388183e-07,2.9812394635493025e-07
1847,1.7982321764975495e-07,1.6328363179647049e-06,7.05394254119085e-09,9.382304393718804e-09,1.7725111537255804e-09,4.540135226501921e-07,1.6899271214145172e-07,7.967544338579761e-09,6.333478915924015e-09,3.866951660467878e-08,2.9081066824484684e-08,3.3235896726832183e-07,2.3062435770628197e-07,9.617598136303838e-07,1.6006682455684184e-07,3.1276257621876926e-07
1848,1.8138665731320153e-07,1.7230773567332238e-06,6.845175949875073e-09,1.0116488345447903e-08,3.341968860378789e-09,4.2362457617985327e-07,1.780779206634569e-07,8.277504269317757e-09,7.230319295662266e-09,3.825198342204723e-08,2.3570563278951795e-08,3.448693998312332e-07,2.2241518747380594e-07,1.0648667755828813e-06,1.6447669841974338e-07,3.287743197688542e-07
1849,1.8376441955427124e-07,1.7831668596305202e-06,6.000760269638963e-09,1.0762396434366955e-08,4.7006721055302995e-09,4.2294367322678485e-07,1.920519169727543e-07,8.448933425902233e-09,7.762180517393143e-09,4.226245969058644e-08,2.071597509407346e-08,3.014091467840834e-07,2.1667497865759548e-07,1.1636396379799407e-06,1.5380197940625555e-07,3.215468333499822e-07
1850,1.885378558037181e-07,1.7959950225433983e-06,5.55412598452725e-09,1.2462260303079477e-08,4.949896318226113e-09,4.1657457927612995e-07,1.943938759804301e-07,7.650762943813203e-09,8.117981810583177e-09,3.6946132248821025e-08,2.0218842853937857e-08,2.9360478898914675e-07,2.0389529709063936e-07,1.1928100726826024e-06,1.4415147526441225e-07,2.943124083490797e-07
1851,1.9791817708534965e-07,1.8044853667171473e-06,6.767141973768836e-09,1.2615754536276264e-08,4.656660057555939e-09,4.089539840736377e-07,1.8898063050950702e-07,7.97948602431526e-09,7.135377082840526e-09,3.7786615994913775e-08,2.1029103664765055e-08,3.412042782916355e-07,1.834888061174362e-07,1.2286929843087689e-06,1.4801939991165064e-07,2.8298893133588923e-07
1852,2.2364913832007005e-07,1.8678055409639325e-06,7.344086069441655e-09,1.3782323092316671e-08,5.002260954662623e-09,4.2206931181811213e-07,1.7151655384850528e-07,8.126174019399253e-09,6.358106200262828e-09,4.179981922496674e-08,2.0536769998865826e-08,3.592668917917763e-07,1.7569033567659581e-07,1.28326018966618e-06,1.4268122632594376e-07,2.7530320981635927e-07
1853,2.4658374643747395e-07,1.911164872581139e-06,7.3893681332545415e-09,1.4139815477217813e-08,6.0566775087319715e-09,4.321535941796485e-07,1.6290006803793794e-07,7.771063602137116e-09,6.14611831270143e-09,4.149839303936785e-08,2.080181385874117e-08,3.721341061334117e-07,1.6163932668535252e-07,1.3257530976521333e-06,1.4255527552060293e-07,2.540377315491631e-07
1854,2.72002606850817e-07,1.97897082086586e-06,7.107898936098422e-09,1.4578882482193682e-08,6.3282697812131315e-09,4.5899594575920286e-07,1.7343830397261888e-07,6.5812033283358625e-09,6.395740381748283e-09,4.016524484435584e-08,2.0098141056174816e-08,3.832782096781427e-07,1.5550371301742416e-07,1.308206427503527e-06,1.4345913866366443e-07,2.405836759018192e-07
1855,2.908916810286298e-07,1.989408539364896e-06,6.439743627240091e-09,1.4555443580580426e-08,9.882516582848666e-09,4.643220279376692e-07,1.6909854443676003e-07,5.712557538117835e-09,5.95151432898027e-09,3.750646028675776e-08,2.729182847969826e-08,3.79243869831823e-07,1.5230937476319794e-07,1.315813051405712e-06,1.468533850714136e-07,2.1529356989244013e-07
1856,3.0453255460218186e-07,2.0083187207222053e-06,6.76970232252724e-09,1.4240357337769183e-08,8.552621484041773e-09,4.606776177037578e-07,1.671201092433096e-07,6.0859664609478975e-09,6.136396343440051e-09,3.010754299838579e-08,2.8376041072419866e-08,3.6333704096185624e-07,1.4373278694230456e-07,1.3540376845152683e-06,1.535047593798871e-07,2.049364005480519e-07
1857,3.247747843358541e-07,2.080701376274062e-06,7.568983662054052e-09,1.44452580690719e-08,1.1317146632526333e-08,4.390702323624802e-07,1.7272392532114672e-07,6.061612418355773e-09,6.314166776734607e-09,2.842651764772037e-08,2.9713334015468718e-08,3.5341958997443204e-07,1.3579349708184703e-07,1.40590059670233e-06,1.5259237175411856e-07,1.954242715588147e-07
1858,3.3795966406354895e-07,2.155303523717781e-06,8.878634843207628e-09,1.50486082008326e-08,1.2621731548811965e-08,4.365413417417585e-07,1.7461974469564927e-07,6.934713184644384e-09,7.13072578761853e-09,2.3849817486011815e-08,3.1813043120467096e-08,3.497657762149434e-07,1.378456277377284e-07,1.473720674636882e-06,1.5078105418199682e-07,1.8142490684372854e-07
1859,3.5523626706890354e-07,2.277630983371637e-06,1.303096164306794e-08,2.2662219021997643e-08,1.3606752185297516e-08,4.3574330074339483e-07,1.9501129803042465e-07,7.245978610776709e-09,8.462761221953282e-09,2.9705729558721876e-08,3.6852005891319095e-08,3.3632103679792635e-07,1.2086056041685618e-07,1.5918303850932197e-06,1.4975161783630548e-07,1.6456873806548954e-07
1860,3.585420894783705e-07,2.2709389213559916e-06,2.094070929357729e-08,2.7337770142870406e-08,1.2819651673545707e-08,4.4208443991270284e-07,2.0192761342384203e-07,8.047100192547824e-09,8.636844319097139e-09,2.7334524612042188e-08,3.529924974543519e-08,3.1807819311779895e-07,1.130266602850887e-07,1.6369426865432096e-06,1.50520506281282e-07,1.532663113883765e-07
1861,3.7213946159551726e-07,2.2728773469030524e-06,2.877531501965791e-08,3.3675027464953796e-08,1.2936465279952562e-08,4.202606435553337e-07,1.852749197236595e-07,8.521114290362318e-09,8.932258171207813e-09,2.582108241508e-08,3.4864168441117727e-08,2.95853469976594e-07,1.0365445593915215e-07,1.661551664255967e-06,1.4802361241501266e-07,1.428189498093551e-07
1862,3.8369481103472936e-07,2.2908818664291175e-06,3.07818006639593e-08,3.725370120325319e-08,8.55559069621949e-09,4.04618142673436e-07,1.9123910785115834e-07,9.069846588058032e-09,8.999318877402272e-09,2.710313053354087e-08,2.9232513045128272e-08,2.7091252263744536e-07,9.019207476106722e-08,1.6522370417858058e-06,1.3181651833552417e-07,1.37104618959581e-07
1863,4.17200713595126e-07,2.328552552301387e-06,3.3138553615482836e-08,3.94937352662542e-08,1.0517308135504777e-08,4.103266836149747e-07,1.8587616271556078e-07,9.909296875118149e-09,8.386690389780175e-09,2.9103920162754093e-08,3.1646028781600373e-08,2.9196504109612373e-07,7.843595538149981e-08,1.6238212278299865e-06,1.1981269360766029e-07,1.2979210899694798e-07
1864,4.313270786886798e-07,2.301701085473594e-06,3.498583238987456e-08,4.039768748092294e-08,8.530813357308733e-09,4.3391811540719314e-07,1.8259871735283794e-07,1.0420242446684824e-08,7.833359421433833e-09,3.2552553034089926e-08,2.9613799412686603e-08,3.020328307457021e-07,7.322596725803773e-08,1.6332963273920801e-06,1.1379942524821932e-07,1.3120716094558054e-07
1865,4.3777868086181115e-07,2.2751050242472308e-06,3.385245176242993e-08,4.087116169314088e-08,7.394482232874517e-09,4.413753548046121e-07,1.878687133479876e-07,9.183628651194503e-09,7.1379007466581305e-09,3.2937619742767765e-08,2.411609895907369e-08,2.5851081935408207e-07,6.272717101296621e-08,1.586720600244007e-06,1.1531874629814151e-07,1.3018207718167624e-07
1866,4.3044125521061816e-07,2.244626947296118e-06,3.0800751663459125e-08,3.5315087996780544e-08,6.333821467308098e-09,4.3741250367799823e-07,1.773612763957187e-07,8.89191406220188e-09,6.378870701492392e-09,2.3094995503315985e-08,1.9722640536607676e-08,2.525795354456152e-07,6.036866955534087e-08,1.5042818241844152e-06,1.1799168423262277e-07,1.285967832537998e-07
1867,4.2356669739872033e-07,2.2290219996128665e-06,2.4116539876217757e-08,3.288647906377459e-08,6.414394095242772e-09,4.4397200278061586e-07,1.740999380217545e-07,8.709314983487308e-09,7.530596527313297e-09,2.312022751027598e-08,1.9942904470683842e-08,2.599162140118746e-07,6.001837198661114e-08,1.450411722154448e-06,1.1987276492066356e-07,1.351063778949018e-07
1868,4.065593657287536e-07,2.182586350889843e-06,1.616400575293093e-08,2.8273953844859534e-08,6.249447372295793e-09,4.927509158798265e-07,1.9192432887393807e-07,8.566296941633515e-09,7.549325672532144e-09,2.4158317378310456e-08,2.41788948228207e-08,3.036651199701217e-07,6.058079244602205e-08,1.4410862994347035e-06,1.225661746064231e-07,1.3307808696286623e-07
1869,3.968081492595437e-07,2.18526325365279e-06,1.4252558625368498e-08,2.4686494626280364e-08,6.399460453617881e-09,5.486240053999479e-07,1.9943406316867497e-07,8.118094133432611e-09,7.939076380430216e-09,2.5822733284996957e-08,2.506811215750661e-08,3.183736469379385e-07,5.5827859414746076e-08,1.3974160180753512e-06,1.3020062945250694e-07,1.3412057090330824e-07
1870,3.6839428422094246e-07,2.143580104529974e-06,1.2447371514464781e-08,2.426313981475557e-08,5.720465054029741e-09,5.729339542475438e-07,2.053318520925781e-07,6.622714567226597e-09,8.223898514562019e-09,2.6401787042321497e-08,2.335116887154852e-08,3.4162123694971213e-07,5.2714334231040993e-08,1.3699961170589501e-06,1.3670792498032824e-07,1.3349466192786557e-07
1871,3.705046854715225e-07,2.080219977480218e-06,1.1176996471208765e-08,2.3355825717885637e-08,5.539691499174231e-09,6.141657097811861e-07,2.1917729091975551e-07,6.167817367952466e-09,8.728434356238982e-09,2.358282217126576e-08,2.4877049245982822e-08,3.6932428721619157e-07,5.446395893013037e-08,1.3168317341946282e-06,1.474629475036896e-07,1.2495508018771163e-07
1872,3.691059232226378e-07,1.992501470989997e-06,1.1258347650969621e-08,2.369891305420424e-08,5.437836784035913e-09,6.534256848616289e-07,2.22224260580463e-07,6.0630471119895086e-09,8.737086229107912e-09,2.4331775832259998e-08,2.75243242800879e-08,4.024828906982033e-07,5.152512879850032e-08,1.2852058586889013e-06,1.490760541043658e-07,1.1489785630861401e-07
1873,3.72359612096521e-07,1.8860590021826544e-06,1.0478978573758013e-08,2.1790881733961343e-08,5.50059832603113e-09,7.462442194342397e-07,2.3110574025914892e-07,7.038528902571426e-09,8.821348096432757e-09,2.4535159301056605e-08,2.954184097347934e-08,4.499174467907453e-07,4.915240532048821e-08,1.2457028333301423e-06,1.4822936935031195e-07,1.1126652919659006e-07
1874,3.7956214425451306e-07,1.8437545707326665e-06,1.1697579159277081e-08,2.243691201085442e-08,5.903966934387281e-09,8.326643166713308e-07,2.6734894577527613e-07,8.705986820345402e-09,8.32000373358304e-09,2.5885967655118033e-08,2.942811911615146e-08,4.600397858212091e-07,4.542158040164525e-08,1.2571925773435005e-06,1.504988205169866e-07,1.0892122759287304e-07
1875,3.8279823196977046e-07,1.8026620084908375e-06,1.2771200351226395e-08,2.349234635395143e-08,5.8346411828986385e-09,8.467693370611025e-07,2.7430141155296693e-07,8.243488970803372e-09,8.980277474027583e-09,2.5678186180552335e-08,2.427633611595021e-08,4.373156303115268e-07,4.12818828010586e-08,1.2597417448237787e-06,1.5377776613994293e-07,1.0415339346536712e-07
1876,3.739090500078289e-07,1.7359872280004701e-06,1.246213976457966e-08,2.5411417224420674e-08,5.691358717641037e-09,8.5584469746079e-07,2.6866288546248794e-07,8.830624200127448e-09,9.62125706089572e-09,2.424279266222129e-08,2.2002836124508056e-08,4.510642140433317e-07,4.176187370522452e-08,1.283299768926684e-06,1.570860916899619e-07,9.690340821829782e-08
1877,3.696762941477313e-07,1.7557031891815962e-06,1.3364371070118913e-08,2.5120779615203252e-08,5.155155508822824e-09,9.061147514850225e-07,2.759025444934845e-07,9.395524453686172e-09,1.0145341202059756e-08,2.0347405157597872e-08,2.0182282511882477e-08,4.321605656189474e-07,3.9683635171578705e-08,1.254160922923932e-06,1.6039009307990325e-07,8.872076559133088e-08
1878,3.549885759314618e-07,1.8053735045344053e-06,1.281934304740519e-08,2.5385271789397327e-08,5.4109778562556295e-09,9.423262911566001e-07,2.8252178805944693e-07,9.127114270717535e-09,1.0960255940923552e-08,1.7698484709528983e-08,1.8875874831435013e-08,4.094502839637114e-07,3.341087635127289e-08,1.2540665303666693e-06,1.6095882975670455e-07,8.601711393956585e-08
1879,3.427358511284443e-07,1.9004258839621407e-06,1.4005028628868591e-08,3.0388259274007264e-08,6.917496861039549e-09,9.426414148297876e-07,2.834786881424277e-07,8.92690010800834e-09,1.4660185065906717e-08,1.649355699636804e-08,1.7731139223542414e-08,3.846795704833182e-07,3.186713724647104e-08,1.2548284595530795e-06,1.6124911082572778e-07,8.54850635992729e-08
1880,3.2922870575800645e-07,1.9857027544795917e-06,1.5128181881810373e-08,3.290342550802247e-08,7.52953877025675e-09,9.024463533283519e-07,2.8005018951457063e-07,6.611095218885968e-09,1.609297381069804e-08,1.5038794209942807e-08,1.7318843248403937e-08,3.5007558705858954e-07,3.012106018575521e-08,1.2546564026446764e-06,1.6212753044848277e-07,8.385024078246975e-08
1881,3.233196658974131e-07,2.0911663308912206e-06,1.5053493689671475e-08,3.527800959294122e-08,8.531214147820622e-09,9.027164570138016e-07,2.4648522461185554e-07,4.31778326584872e-09,1.6136906033636933e-08,1.3498935556656631e-08,1.6912460003888034e-08,3.5012168707128565e-07,2.9308293189192876e-08,1.2473238452262843e-06,1.6100502518513947e-07,7.851674764326941e-08
1882,3.189100295587975e-07,2.1525490378085773e-06,1.7583192806520335e-08,3.4598787580973426e-08,8.804082352042997e-09,9.312813712572929e-07,2.341838337218048e-07,4.338677345965587e-09,1.561259705645008e-08,1.352723875770932e-08,1.7250440821823887e-08,3.5808800394728936e-07,2.786061235683844e-08,1.1951995669993006e-06,1.6025698609415224e-07,7.585056900032733e-08
1883,3.2749097808196635e-07,2.1851206578763334e-06,2.0251754305279845e-08,3.6028497518714175e-08,8.094265670420344e-09,9.293472739305539e-07,2.2269601832444357e-07,4.0100837491888595e-09,1.4832048732062373e-08,1.3751988246570233e-08,1.7105107045064675e-08,3.4919034419544914e-07,2.46955370438887e-08,1.1433854427065983e-06,1.57386046290802e-07,7.52659994012512e-08
1884,3.353013693997907e-07,2.1893980764226787e-06,2.1186194766796363e-08,3.977724689312774e-08,7.930480811728963e-09,9.120413519017998e-07,2.0558737138084586e-07,3.760880614870185e-09,1.4968829350639875e-08,1.4426970602292905e-08,1.8334974554485532e-08,3.958006199614569e-07,2.5759061423562864e-08,1.1558448217588842e-06,1.566657995713935e-07,7.223187432308415e-08
1885,3.360766933318311e-07,2.2264652151144607e-06,2.3215195099623998e-08,3.978201311229311e-08,8.282914068910178e-09,8.718847652744444e-07,1.9752570372994732e-07,3.940290181438298e-09,1.4135151842659915e-08,1.5202364954193725e-08,1.8890703477682435e-08,4.09301114651888e-07,2.8842008146869247e-08,1.1744885536505275e-06,1.5173106200044068e-07,7.436094051627151e-08
1886,3.4355340566045403e-07,2.212942912852408e-06,2.3153313425236125e-08,3.7268259589495756e-08,6.8836918070453686e-09,8.80656955359882e-07,1.9401698685734508e-07,4.536386750369254e-09,1.0203375224092172e-08,1.503051055047016e-08,1.7222000841294564e-08,4.207414698547447e-07,3.172026831675469e-08,1.1748929052503497e-06,1.4590070764240538e-07,7.322558661014358e-08
1887,3.7775321613610557e-07,2.1582118604003753e-06,2.264669074492076e-08,3.494341146595811e-08,7.399050864062165e-09,8.869508129854304e-07,1.8564630823090867e-07,4.933276676055698e-09,9.547551891943482e-09,1.6156805671130314e-08,1.585917213426618e-08,4.338202797628453e-07,3.0561227199703874e-08,1.1948428014615535e-06,1.4031278234532302e-07,6.900299709400315e-08
1888,4.163228522559491e-07,2.1067999763805086e-06,2.4153554204328235e-08,3.379523835381601e-08,6.862206897955454e-09,8.464379724110975e-07,1.798876699662547e-07,5.106459667812504e-09,9.715328287894311e-09,1.7055639313566318e-08,1.5323941480817538e-08,4.4517727815218677e-07,3.0492657795580924e-08,1.1828064024094992e-06,1.3500741959303143e-07,6.912374266627402e-08
1889,4.79263487055245e-07,2.1380708078920307e-06,2.581835126643942e-08,3.6015611572435905e-08,8.006488710116905e-09,8.552150835125108e-07,1.8231129875597878e-07,5.014617007351571e-09,1.0488114567306996e-08,1.714037331116255e-08,1.5999136745595673e-08,5.232224598980142e-07,3.0802501121180674e-08,1.237794127259154e-06,1.2968098315825826e-07,6.873868889962459e-08
1890,5.049128576826791e-07,2.1980831011855377e-06,2.9697635208135254e-08,3.587806267952536e-08,9.36926587107629e-09,9.320658835219677e-07,2.0053960270161042e-07,4.458823469174636e-09,1.1691566127934396e-08,1.5850408097151103e-08,1.7767034193078805e-08,5.412461559574564e-07,3.207093765159438e-08,1.319152391131086e-06,1.2809998090850578e-07,6.48880410990062e-08
1891,5.578450839038851e-07,2.278004980585787e-06,3.3605626598947376e-08,3.2950767955445115e-08,1.15232837240496e-08,9.865721852163136e-07,2.3702552149578488e-07,4.096072655660318e-09,1.252953924739992e-08,1.6287402918432496e-08,1.6557400910650292e-08,4.979434809878772e-07,3.185836178991914e-08,1.3273660377827973e-06,1.242660892281882e-07,6.400853383833497e-08
1892,5.989651136977565e-07,2.321598295956002e-06,3.7165807320604927e-08,3.363727912082075e-08,1.2672305934760938e-08,1.0205805389367534e-06,2.6210706697124155e-07,3.794733352943272e-09,1.2703700758009973e-08,1.5281821141854834e-08,1.6381326898137364e-08,5.925945296374786e-07,3.079476914738929e-08,1.366422290110287e-06,1.2491564303575486e-07,6.021379560041038e-08
1893,6.273522704499815e-07,2.3547142973256996e-06,4.094861732235293e-08,3.210942089992841e-08,1.4300008288614663e-08,1.1034311618069687e-06,2.801120798169775e-07,3.164153859559958e-09,1.4085561288774379e-08,1.4796350176839366e-08,1.7656907555111242e-08,6.527931069350805e-07,2.9531168367822958e-08,1.374710758942196e-06,1.2841844007230714e-07,5.99555275268163e-08
1894,6.37732950638435e-07,2.39424334072932e-06,4.6118895369318125e-08,3.417478592179382e-08,1.4509513971258262e-08,1.1906180686440036e-06,2.9032704722859695e-07,3.024247360475637e-09,1.4862821957300249e-08,1.3964853400645033e-08,2.188854037703842e-08,6.42664174068029e-07,2.8499562836665452e-08,1.3621921977703875e-06,1.2895234695926255e-07,6.259931240037986e-08
1895,6.892553707465205e-07,2.4243129895954292e-06,4.760077741496259e-08,3.4272964149246425e-08,1.5778695683366095e-08,1.2278826488909544e-06,3.0659012395517493e-07,3.0216146727570147e-09,1.5929505206965392e-08,1.3286165057024846e-08,2.3234399547180018e-08,6.325098524939676e-07,2.764634819486998e-08,1.3621607227573155e-06,1.284806551942503e-07,5.93931212782601e-08
1896,6.777696057724825e-07,2.4039296541949236e-06,4.9434868389295975e-08,3.4138463484672295e-08,1.6653467684234003e-08,1.1935423783272978e-06,3.12642656906194e-07,2.8368636328934826e-09,1.616526125656849e-08,1.1935686597805021e-08,2.3338771930931605e-08,5.55522530833384e-07,3.000897409931115e-08,1.3140593020060415e-06,1.273270098879818e-07,5.5863141921820766e-08
1897,6.621865834079342e-07,2.4309395355105934e-06,4.74281297410276e-08,3.5078342516417904e-08,1.696013399562649e-08,1.1234143845026016e-06,3.279512433047265e-07,2.6773333391564134e-09,1.5681299179805463e-08,1.1306687142109695e-08,2.215658704126814e-08,5.516630657049453e-07,3.096831565788502e-08,1.2424304389112097e-06,1.2511448334505205e-07,5.4868731780288726e-08
1898,6.486044317928948e-07,2.4046699991231435e-06,4.725184569546551e-08,3.6380983559070046e-08,1.6393389904815574e-08,1.1015801154220146e-06,3.162365326640308e-07,2.807218568712244e-09,1.5591605784237572e-08,1.0286586397493617e-08,2.285852914359528e-08,5.756232136870191e-07,3.2046078679570655e-08,1.2393969086588186e-06,1.2589387784108416e-07,5.489726362384317e-08
1899,6.517225415336724e-07,2.362417626500246e-06,4.692715549481363e-08,3.653084661436878e-08,1.5825109223044365e-08,1.1187010386493057e-06,3.014094943409873e-07,2.769545748293467e-09,1.6502655597605552e-08,1.0767281288792674e-08,2.402473047169451e-08,4.7266944420698563e-07,3.1265895827914394e-08,1.1577937357287738e-06,1.219682033593017e-07,5.414664556724347e-08
1900,6.811582835553054e-07,2.3410004814650165e-06,4.724677804546218e-08,3.832996675612321e-08,1.6134199309902897e-08,1.0569524988568446e-06,2.9671983270418423e-07,3.1089785745841425e-09,1.6706612981920443e-08,1.1066860539088452e-08,2.4932694353552165e-08,3.937318240332388e-07,3.147425919891589e-08,1.132329117581321e-06,1.153216917515465e-07,5.211413078853866e-08
